DTRI_ID	TF_Entrez_ID_Human	Target_Entrez_ID_Human	TF_Symbol_Human	Target_Symbol_Human	cns	n_exp_type
tri_0844	5080	118427	PAX6	OLFM3	TRUE	3
tri_0889	5080	6657	PAX6	SOX2	TRUE	3
tri_0833	5080	10215	PAX6	OLIG2	TRUE	3
tri_0832	5080	1021	PAX6	CDK6	TRUE	3
tri_0886	5080	63973	PAX6	NEUROG2	TRUE	3
tri_0875	5080	4957	PAX6	ODF2	TRUE	3
tri_0883	5080	6017	PAX6	RLBP1	TRUE	3
tri_1131	6657	595	SOX2	CCND1	TRUE	3
tri_1120	6657	332	SOX2	BIRC5	TRUE	3
tri_1138	6657	7080	SOX2	NKX2-1	TRUE	3
tri_1139	6657	7101	SOX2	NR2E1	TRUE	3
tri_1122	6657	388585	SOX2	HES5	TRUE	3
tri_0205	1869	8829	E2F1	NRP1	TRUE	3
tri_0102	1499	55740	CTNNB1	ENAH	TRUE	3
tri_0235	1958	8864	EGR1	PER2	TRUE	3
tri_0236	1958	8912	EGR1	CACNA1H	TRUE	3
tri_0226	1958	5803	EGR1	PTPRZ1	TRUE	3
tri_0914	5087	5077	PBX1	PAX3	TRUE	3
tri_0904	5087	2737	PBX1	GLI3	TRUE	3
tri_0698	429	54567	ASCL1	DLL4	TRUE	3
tri_0682	429	10683	ASCL1	DLL3	TRUE	3
tri_0693	429	390	ASCL1	RND3	TRUE	3
tri_0688	429	28514	ASCL1	DLL1	TRUE	3
tri_0332	23314	1630	SATB2	DCC	TRUE	3
tri_0339	23314	64919	SATB2	BCL11B	TRUE	3
tri_0436	2737	2735	GLI3	GLI1	TRUE	3
tri_0431	2737	1021	GLI3	CDK6	TRUE	3
tri_1468	9355	22903	LHX2	BTBD3	TRUE	3
tri_1071	63973	28514	NEUROG2	DLL1	TRUE	3
tri_0634	4204	29930	MECP2	PCDHB1	TRUE	3
tri_0635	4204	5099	MECP2	PCDH7	TRUE	3
tri_1271	6925	655	TCF4	BMP7	TRUE	3
tri_0591	389549	388585	FEZF1	HES5	TRUE	3
tri_0160	1745	2571	DLX1	GAD1	TRUE	3
tri_0161	1745	2572	DLX1	GAD2	TRUE	3
tri_0035	10716	55079	TBR1	FEZF2	TRUE	3
tri_1398	83741	128408	TFAP2D	BHLHE23	TRUE	3
tri_1399	83741	5459	TFAP2D	POU4F3	TRUE	3
tri_0026	10472	63973	ZBTB18	NEUROG2	TRUE	3
tri_0572	3516	429	RBPJ	ASCL1	TRUE	3
tri_0589	388585	429	HES5	ASCL1	TRUE	3
tri_1391	8320	1879	EOMES	EBF1	TRUE	3
tri_0773	4774	3280	NFIA	HES1	TRUE	3
tri_0784	4784	6662	NFIX	SOX9	TRUE	3
tri_0836	5080	1027	PAX6	CDKN1B	TRUE	2
tri_0861	5080	3233	PAX6	HOXD4	TRUE	2
tri_0850	5080	170825	PAX6	GSX2	TRUE	2
tri_0851	5080	2018	PAX6	EMX2	TRUE	2
tri_0852	5080	2047	PAX6	EPHB1	TRUE	2
tri_0873	5080	429	PAX6	ASCL1	TRUE	2
tri_0880	5080	55079	PAX6	FEZF2	TRUE	2
tri_0885	5080	63951	PAX6	DMRTA1	TRUE	2
tri_0888	5080	6506	PAX6	SLC1A2	TRUE	2
tri_1119	6657	2737	SOX2	GLI3	TRUE	2
tri_1111	6657	182	SOX2	JAG1	TRUE	2
tri_1124	6657	4613	SOX2	MYCN	TRUE	2
tri_1134	6657	6469	SOX2	SHH	TRUE	2
tri_1135	6657	6496	SOX2	SIX3	TRUE	2
tri_1118	6657	2736	SOX2	GLI2	TRUE	2
tri_1121	6657	3516	SOX2	RBPJ	TRUE	2
tri_1140	6657	7289	SOX2	TULP3	TRUE	2
tri_0047	1385	23057	CREB1	NMNAT2	TRUE	2
tri_0229	1958	6786	EGR1	STIM1	TRUE	2
tri_0050	1385	2354	CREB1	FOSB	TRUE	2
tri_0551	3280	3350	HES1	HTR1A	TRUE	2
tri_1366	7528	291	YY1	SLC25A4	TRUE	2
tri_0961	51176	7852	LEF1	CXCR4	TRUE	2
tri_0690	429	3642	ASCL1	INSM1	TRUE	2
tri_0338	23314	64065	SATB2	PERP	TRUE	2
tri_1057	5978	8912	REST	CACNA1H	TRUE	2
tri_1047	5978	2904	REST	GRIN2B	TRUE	2
tri_1046	5978	266743	REST	NPAS4	TRUE	2
tri_0173	1749	7474	DLX5	WNT5A	TRUE	2
tri_1477	9355	5080	LHX2	PAX6	TRUE	2
tri_1197	6722	2354	SRF	FOSB	TRUE	2
tri_0014	10215	6663	OLIG2	SOX10	TRUE	2
tri_0636	4204	5348	MECP2	FXYD1	TRUE	2
tri_0632	4204	10919	MECP2	EHMT2	TRUE	2
tri_0633	4204	291	MECP2	SLC25A4	TRUE	2
tri_0972	53335	2487	BCL11A	FRZB	TRUE	2
tri_1332	7026	8829	NR2F2	NRP1	TRUE	2
tri_1331	7026	8828	NR2F2	NRP2	TRUE	2
tri_0036	10716	5649	TBR1	RELN	TRUE	2
tri_0816	5077	3280	PAX3	HES1	TRUE	2
tri_0817	5077	63973	PAX3	NEUROG2	TRUE	2
tri_0454	3020	2735	H3F3A	GLI1	TRUE	2
tri_0455	3021	2735	H3F3B	GLI1	TRUE	2
tri_1396	83439	4762	TCF7L1	NEUROG1	TRUE	2
tri_0491	3169	63973	FOXA1	NEUROG2	TRUE	2
tri_0292	2290	5649	FOXG1	RELN	TRUE	2
tri_0293	2290	6091	FOXG1	ROBO1	TRUE	2
tri_0294	2290	6586	FOXG1	SLIT3	TRUE	2
tri_1352	7101	7101	NR2E1	NR2E1	TRUE	2
tri_0283	2118	2737	ETV4	GLI3	TRUE	2
tri_0284	2118	7479	ETV4	WNT8B	TRUE	2
tri_0040	121643	54567	FOXN4	DLL4	TRUE	2
tri_1453	8626	64065	TP63	PERP	TRUE	2
tri_0282	2115	388585	ETV1	HES5	TRUE	2
tri_0705	4297	1746	KMT2A	DLX2	TRUE	2
tri_1023	55079	388585	FEZF2	HES5	TRUE	2
tri_0877	5080	5080	PAX6	PAX6	TRUE	1
tri_0835	5080	1026	PAX6	CDKN1A	TRUE	1
tri_0838	5080	1028	PAX6	CDKN1C	TRUE	1
tri_0890	5080	6934	PAX6	TCF7L2	TRUE	1
tri_1107	6657	1026	SOX2	CDKN1A	TRUE	1
tri_1114	6657	2173	SOX2	FABP7	TRUE	1
tri_1117	6657	2670	SOX2	GFAP	TRUE	1
tri_0196	1869	5925	E2F1	RB1	TRUE	1
tri_0514	3170	63973	FOXA2	NEUROG2	TRUE	1
tri_0501	3170	2736	FOXA2	GLI2	TRUE	1
tri_0537	3280	1027	HES1	CDKN1B	TRUE	1
tri_0543	3280	140689	HES1	CBLN4	TRUE	1
tri_0640	4208	10562	MEF2C	OLFM4	TRUE	1
tri_0700	429	55835	ASCL1	CENPJ	TRUE	1
tri_1055	5978	627	REST	BDNF	TRUE	1
tri_0434	2737	1499	GLI3	CTNNB1	TRUE	1
tri_0446	2737	7477	GLI3	WNT7B	TRUE	1
tri_0447	2737	7479	GLI3	WNT8B	TRUE	1
tri_1067	63973	10683	NEUROG2	DLL3	TRUE	1
tri_1079	63973	8320	NEUROG2	EOMES	TRUE	1
tri_1066	63973	10472	NEUROG2	ZBTB18	TRUE	1
tri_1070	63973	2115	NEUROG2	ETV1	TRUE	1
tri_1073	63973	388015	NEUROG2	RTL1	TRUE	1
tri_1074	63973	429	NEUROG2	ASCL1	TRUE	1
tri_1068	63973	17263	NEUROG2	Meg3	TRUE	1
tri_1080	63973	8788	NEUROG2	DLK1	TRUE	1
tri_1065	63973	100040724	NEUROG2	Mirg	TRUE	1
tri_1076	63973	75745	NEUROG2	Rian	TRUE	1
tri_0007	10215	116448	OLIG2	OLIG1	TRUE	1
tri_0008	10215	2042	OLIG2	EPHA3	TRUE	1
tri_0009	10215	2044	OLIG2	EPHA5	TRUE	1
tri_0427	2736	4821	GLI2	NKX2-2	TRUE	1
tri_0595	389549	63973	FEZF1	NEUROG2	TRUE	1
tri_0024	10472	5649	ZBTB18	RELN	TRUE	1
tri_0025	10472	6091	ZBTB18	ROBO1	TRUE	1
tri_0027	10472	6586	ZBTB18	SLIT3	TRUE	1
tri_0571	3516	3280	RBPJ	HES1	TRUE	1
tri_1348	7101	1026	NR2E1	CDKN1A	TRUE	1
tri_1351	7101	2670	NR2E1	GFAP	TRUE	1
tri_1349	7101	10912	NR2E1	GADD45G	TRUE	1
tri_1350	7101	2173	NR2E1	FABP7	TRUE	1
tri_1082	6469	4821	SHH	NKX2-2	TRUE	1
tri_1083	6469	4825	SHH	NKX6-1	TRUE	1
tri_0039	121643	429	FOXN4	ASCL1	TRUE	1
tri_0286	2138	2735	EYA1	GLI1	TRUE	1
tri_0801	4825	10215	NKX6-1	OLIG2	TRUE	1
tri_0209	1874	5925	E2F4	RB1	TRUE	1
tri_0987	5454	28514	POU3F2	DLL1	TRUE	1
tri_1494	9965	429	FGF19	ASCL1	TRUE	1
tri_1495	9965	63973	FGF19	NEUROG2	TRUE	1
tri_0814	5015	63973	OTX2	NEUROG2	TRUE	1
tri_0328	23186	627	RCOR1	BDNF	TRUE	1
tri_0567	340260	63973	UNCX	NEUROG2	TRUE	1
tri_0772	4762	28514	NEUROG1	DLL1	TRUE	1
tri_1099	655	63973	BMP7	NEUROG2	TRUE	1
tri_0872	5080	4233	PAX6	MET	FALSE	3
tri_0879	5080	5122	PAX6	PCSK1	FALSE	3
tri_0887	5080	6496	PAX6	SIX3	FALSE	3
tri_0854	5080	220202	PAX6	ATOH7	FALSE	3
tri_0846	5080	1409	PAX6	CRYAA	FALSE	3
tri_0837	5080	102724652	PAX6	CRYAA2	FALSE	3
tri_0859	5080	27122	PAX6	DKK3	FALSE	3
tri_0894	5080	9965	PAX6	FGF19	FALSE	3
tri_0871	5080	4094	PAX6	MAF	FALSE	3
tri_0876	5080	5076	PAX6	PAX2	FALSE	3
tri_0878	5080	50964	PAX6	SOST	FALSE	3
tri_0855	5080	22797	PAX6	TFEC	FALSE	3
tri_1142	6657	79923	SOX2	NANOG	FALSE	3
tri_1130	6657	5460	SOX2	POU5F1	FALSE	3
tri_1144	6657	84891	SOX2	ZSCAN10	FALSE	3
tri_1126	6657	474	SOX2	ATOH1	FALSE	3
tri_1108	6657	1027	SOX2	CDKN1B	FALSE	3
tri_1113	6657	1956	SOX2	EGFR	FALSE	3
tri_1123	6657	407028	SOX2	MIR302A	FALSE	3
tri_1129	6657	51592	SOX2	TRIM33	FALSE	3
tri_1426	861	3558	RUNX1	IL2	FALSE	3
tri_1443	861	6688	RUNX1	SPI1	FALSE	3
tri_1414	861	1050	RUNX1	CEBPA	FALSE	3
tri_1420	861	239	RUNX1	ALOX12	FALSE	3
tri_1433	861	4352	RUNX1	MPL	FALSE	3
tri_1437	861	5196	RUNX1	PF4	FALSE	3
tri_1440	861	5588	RUNX1	PRKCQ	FALSE	3
tri_1412	861	1029	RUNX1	CDKN2A	FALSE	3
tri_1424	861	3486	RUNX1	IGFBP3	FALSE	3
tri_1431	861	4091	RUNX1	SMAD6	FALSE	3
tri_1429	861	3977	RUNX1	LIFR	FALSE	3
tri_1435	861	4778	RUNX1	NFE2	FALSE	3
tri_1439	861	5275	RUNX1	SERPINB13	FALSE	3
tri_1441	861	63036	RUNX1	CELA2A	FALSE	3
tri_0204	1869	8600	E2F1	TNFSF11	FALSE	3
tri_0180	1869	2260	E2F1	FGFR1	FALSE	3
tri_0189	1869	4217	E2F1	MAP3K5	FALSE	3
tri_0199	1869	6502	E2F1	SKP2	FALSE	3
tri_0201	1869	7057	E2F1	THBS1	FALSE	3
tri_0197	1869	595	E2F1	CCND1	FALSE	3
tri_0183	1869	3070	E2F1	HELLS	FALSE	3
tri_0186	1869	3661	E2F1	IRF3	FALSE	3
tri_0188	1869	4170	E2F1	MCL1	FALSE	3
tri_0206	1869	9232	E2F1	PTTG1	FALSE	3
tri_0181	1869	23607	E2F1	CD2AP	FALSE	3
tri_0184	1869	3159	E2F1	HMGA1	FALSE	3
tri_0191	1869	4753	E2F1	NELL2	FALSE	3
tri_0187	1869	3925	E2F1	STMN1	FALSE	3
tri_0106	1499	595	CTNNB1	CCND1	FALSE	3
tri_0094	1499	4609	CTNNB1	MYC	FALSE	3
tri_0117	1499	8817	CTNNB1	FGF18	FALSE	3
tri_0105	1499	5743	CTNNB1	PTGS2	FALSE	3
tri_0110	1499	6696	CTNNB1	SPP1	FALSE	3
tri_0104	1499	56910	CTNNB1	STARD7	FALSE	3
tri_0100	1499	5337	CTNNB1	PLD1	FALSE	3
tri_0096	1499	474	CTNNB1	ATOH1	FALSE	3
tri_0093	1499	4322	CTNNB1	MMP13	FALSE	3
tri_0120	1499	9126	CTNNB1	SMC3	FALSE	3
tri_0083	1499	1490	CTNNB1	CCN2	FALSE	3
tri_0087	1499	23621	CTNNB1	BACE1	FALSE	3
tri_0108	1499	6331	CTNNB1	SCN5A	FALSE	3
tri_0112	1499	6935	CTNNB1	ZEB1	FALSE	3
tri_0319	2308	6364	FOXO1	CCL20	FALSE	3
tri_0321	2308	7040	FOXO1	TGFB1	FALSE	3
tri_1015	5460	6657	POU5F1	SOX2	FALSE	3
tri_0327	2308	9370	FOXO1	ADIPOQ	FALSE	3
tri_0316	2308	56729	FOXO1	RETN	FALSE	3
tri_0313	2308	5243	FOXO1	ABCB1	FALSE	3
tri_1017	5460	79923	POU5F1	NANOG	FALSE	3
tri_0297	2308	1051	FOXO1	CEBPB	FALSE	3
tri_0302	2308	1906	FOXO1	EDN1	FALSE	3
tri_0990	5460	1026	POU5F1	CDKN1A	FALSE	3
tri_1016	5460	723920	POU5F1	Mir302a	FALSE	3
tri_1005	5460	4654	POU5F1	MYOD1	FALSE	3
tri_0997	5460	190	POU5F1	NR0B1	FALSE	3
tri_1019	5460	83931	POU5F1	STK40	FALSE	3
tri_1009	5460	54790	POU5F1	TET2	FALSE	3
tri_0299	2308	1515	FOXO1	CTSV	FALSE	3
tri_0301	2308	1655	FOXO1	DDX5	FALSE	3
tri_0305	2308	2639	FOXO1	GCDH	FALSE	3
tri_0306	2308	345	FOXO1	APOC3	FALSE	3
tri_0307	2308	3578	FOXO1	IL9	FALSE	3
tri_0308	2308	3662	FOXO1	IRF4	FALSE	3
tri_0310	2308	5055	FOXO1	SERPINB2	FALSE	3
tri_0314	2308	5360	FOXO1	PLTP	FALSE	3
tri_0315	2308	5464	FOXO1	PPA1	FALSE	3
tri_0323	2308	79623	FOXO1	GALNT14	FALSE	3
tri_0324	2308	79625	FOXO1	NDNF	FALSE	3
tri_0325	2308	8431	FOXO1	NR0B2	FALSE	3
tri_0326	2308	8888	FOXO1	MCM3AP	FALSE	3
tri_0995	5460	1786	POU5F1	DNMT1	FALSE	3
tri_0996	5460	1871	POU5F1	E2F3	FALSE	3
tri_1001	5460	283131	POU5F1	NEAT1	FALSE	3
tri_1003	5460	378938	POU5F1	MALAT1	FALSE	3
tri_1004	5460	407028	POU5F1	MIR302A	FALSE	3
tri_1013	5460	595	POU5F1	CCND1	FALSE	3
tri_1014	5460	652995	POU5F1	UCA1	FALSE	3
tri_1021	5460	84891	POU5F1	ZSCAN10	FALSE	3
tri_1220	6774	1499	STAT3	CTNNB1	FALSE	3
tri_1216	6774	100507436	STAT3	MICA	FALSE	3
tri_1236	6774	4919	STAT3	ROR1	FALSE	3
tri_1217	6774	10987	STAT3	COPS5	FALSE	3
tri_1239	6774	5743	STAT3	PTGS2	FALSE	3
tri_1223	6774	1901	STAT3	S1PR1	FALSE	3
tri_1246	6774	857	STAT3	CAV1	FALSE	3
tri_1222	6774	190	STAT3	NR0B1	FALSE	3
tri_1219	6774	140901	STAT3	STK35	FALSE	3
tri_1226	6774	22974	STAT3	TPX2	FALSE	3
tri_1227	6774	2305	STAT3	FOXM1	FALSE	3
tri_1229	6774	23671	STAT3	TMEFF2	FALSE	3
tri_1233	6774	399	STAT3	RHOH	FALSE	3
tri_1237	6774	5347	STAT3	PLK1	FALSE	3
tri_1238	6774	5437	STAT3	POLR2H	FALSE	3
tri_1242	6774	6502	STAT3	SKP2	FALSE	3
tri_0219	1958	3091	EGR1	HIF1A	FALSE	3
tri_0233	1958	7422	EGR1	VEGFA	FALSE	3
tri_0227	1958	581	EGR1	BAX	FALSE	3
tri_0225	1958	54345	EGR1	SOX18	FALSE	3
tri_0215	1958	2033	EGR1	EP300	FALSE	3
tri_0053	1385	3303	CREB1	HSPA1A	FALSE	3
tri_0054	1385	3304	CREB1	HSPA1B	FALSE	3
tri_0045	1385	2117	CREB1	ETV3	FALSE	3
tri_0061	1385	4899	CREB1	NRF1	FALSE	3
tri_0046	1385	2182	CREB1	ACSL4	FALSE	3
tri_0220	1958	332	EGR1	BIRC5	FALSE	3
tri_0041	1385	10908	CREB1	PNPLA6	FALSE	3
tri_0048	1385	23326	CREB1	USP22	FALSE	3
tri_0051	1385	3048	CREB1	HBG2	FALSE	3
tri_0056	1385	340061	CREB1	TMEM173	FALSE	3
tri_0072	1385	7157	CREB1	TP53	FALSE	3
tri_0218	1958	2776	EGR1	GNAQ	FALSE	3
tri_0221	1958	3398	EGR1	ID2	FALSE	3
tri_0223	1958	4486	EGR1	MST1R	FALSE	3
tri_0224	1958	5187	EGR1	PER1	FALSE	3
tri_0502	3170	3033	FOXA2	HADH	FALSE	3
tri_0124	1523	1027	CUX1	CDKN1B	FALSE	3
tri_0500	3170	2671	FOXA2	GFER	FALSE	3
tri_0504	3170	329	FOXA2	BIRC2	FALSE	3
tri_0498	3170	222894	FOXA2	FERD3L	FALSE	3
tri_0509	3170	4583	FOXA2	MUC2	FALSE	3
tri_0121	1523	1000	CUX1	CDH2	FALSE	3
tri_0122	1523	100506658	CUX1	OCLN	FALSE	3
tri_0143	1523	5422	CUX1	POLA1	FALSE	3
tri_0151	1523	7431	CUX1	VIM	FALSE	3
tri_0158	1523	999	CUX1	CDH1	FALSE	3
tri_0492	3170	1026	FOXA2	CDKN1A	FALSE	3
tri_0497	3170	1553	FOXA2	CYP2A13	FALSE	3
tri_0510	3170	5243	FOXA2	ABCB1	FALSE	3
tri_0513	3170	581	FOXA2	BAX	FALSE	3
tri_0518	3170	7367	FOXA2	UGT2B17	FALSE	3
tri_0520	3170	79068	FOXA2	FTO	FALSE	3
tri_0555	3280	429	HES1	ASCL1	FALSE	3
tri_0538	3280	1028	HES1	CDKN1C	FALSE	3
tri_0545	3280	1869	HES1	E2F1	FALSE	3
tri_1370	7528	4488	YY1	MSX2	FALSE	3
tri_0554	3280	4133	HES1	MAP2	FALSE	3
tri_1371	7528	4585	YY1	MUC4	FALSE	3
tri_0544	3280	1840	HES1	DTX1	FALSE	3
tri_0546	3280	2322	HES1	FLT3	FALSE	3
tri_0548	3280	27113	HES1	BBC3	FALSE	3
tri_0553	3280	406978	HES1	MIR199B	FALSE	3
tri_0557	3280	474	HES1	ATOH1	FALSE	3
tri_1361	7528	1756	YY1	DMD	FALSE	3
tri_1367	7528	29914	YY1	UBIAD1	FALSE	3
tri_1368	7528	347689	YY1	SOX2-OT	FALSE	3
tri_1374	7528	5743	YY1	PTGS2	FALSE	3
tri_1380	7528	7316	YY1	UBC	FALSE	3
tri_1384	7528	9971	YY1	NR1H4	FALSE	3
tri_0732	4609	595	MYC	CCND1	FALSE	3
tri_0712	4609	1019	MYC	CDK4	FALSE	3
tri_0735	4609	7015	MYC	TERT	FALSE	3
tri_0964	51176	999	LEF1	CDH1	FALSE	3
tri_0954	51176	5897	LEF1	RAG2	FALSE	3
tri_0737	4609	7157	MYC	TP53	FALSE	3
tri_0937	51176	1540	LEF1	CYLD	FALSE	3
tri_0933	51176	1280	LEF1	COL2A1	FALSE	3
tri_0944	51176	4322	LEF1	MMP13	FALSE	3
tri_0951	51176	5460	LEF1	POU5F1	FALSE	3
tri_0953	51176	5743	LEF1	PTGS2	FALSE	3
tri_0730	4609	586	MYC	BCAT1	FALSE	3
tri_0722	4609	387	MYC	RHOA	FALSE	3
tri_0714	4609	11235	MYC	PDCD10	FALSE	3
tri_0719	4609	340061	MYC	TMEM173	FALSE	3
tri_0726	4609	51491	MYC	NOP16	FALSE	3
tri_0728	4609	5274	MYC	SERPINI1	FALSE	3
tri_0734	4609	6926	MYC	TBX3	FALSE	3
tri_0956	51176	63036	LEF1	CELA2A	FALSE	3
tri_0960	51176	7299	LEF1	TYR	FALSE	3
tri_0462	3091	1636	HIF1A	ACE	FALSE	3
tri_0486	3091	7852	HIF1A	CXCR4	FALSE	3
tri_0487	3091	79679	HIF1A	VTCN1	FALSE	3
tri_0483	3091	664	HIF1A	BNIP3	FALSE	3
tri_0489	3091	8434	HIF1A	RECK	FALSE	3
tri_0461	3091	1588	HIF1A	CYP19A1	FALSE	3
tri_0470	3091	3280	HIF1A	HES1	FALSE	3
tri_0478	3091	5629	HIF1A	PROX1	FALSE	3
tri_0481	3091	6279	HIF1A	S100A8	FALSE	3
tri_0482	3091	6280	HIF1A	S100A9	FALSE	3
tri_0484	3091	7001	HIF1A	PRDX2	FALSE	3
tri_0488	3091	84126	HIF1A	ATRIP	FALSE	3
tri_0911	5087	3586	PBX1	IL10	FALSE	3
tri_0928	5087	999	PBX1	CDH1	FALSE	3
tri_0924	5087	79923	PBX1	NANOG	FALSE	3
tri_0921	5087	6658	PBX1	SOX3	FALSE	3
tri_0925	5087	8092	PBX1	ALX1	FALSE	3
tri_0901	5087	2255	PBX1	FGF10	FALSE	3
tri_0912	5087	3636	PBX1	INPPL1	FALSE	3
tri_0917	5087	5159	PBX1	PDGFRB	FALSE	3
tri_0918	5087	6049	PBX1	RNF6	FALSE	3
tri_0920	5087	6615	PBX1	SNAI1	FALSE	3
tri_1151	6662	1280	SOX9	COL2A1	FALSE	3
tri_1159	6662	387158	SOX9	Mir140	FALSE	3
tri_1152	6662	1311	SOX9	COMP	FALSE	3
tri_1156	6662	3280	SOX9	HES1	FALSE	3
tri_1161	6662	5045	SOX9	FURIN	FALSE	3
tri_1163	6662	5290	SOX9	PIK3CA	FALSE	3
tri_1154	6662	2122	SOX9	MECOM	FALSE	3
tri_1158	6662	3726	SOX9	JUNB	FALSE	3
tri_1303	6934	4609	TCF7L2	MYC	FALSE	3
tri_1316	6934	6774	TCF7L2	STAT3	FALSE	3
tri_1292	6934	1045	TCF7L2	CDX2	FALSE	3
tri_1298	6934	1906	TCF7L2	EDN1	FALSE	3
tri_1299	6934	208	TCF7L2	AKT2	FALSE	3
tri_1315	6934	6696	TCF7L2	SPP1	FALSE	3
tri_1318	6934	6935	TCF7L2	ZEB1	FALSE	3
tri_0670	4208	860	MEF2C	RUNX2	FALSE	3
tri_0669	4208	811	MEF2C	CALR	FALSE	3
tri_0648	4208	1749	MEF2C	DLX5	FALSE	3
tri_0649	4208	1750	MEF2C	DLX6	FALSE	3
tri_0671	4208	8736	MEF2C	MYOM1	FALSE	3
tri_0672	4208	9172	MEF2C	MYOM2	FALSE	3
tri_0642	4208	11156	MEF2C	PTP4A3	FALSE	3
tri_0646	4208	150572	MEF2C	SMYD1	FALSE	3
tri_0657	4208	51086	MEF2C	TNNI3K	FALSE	3
tri_0673	4208	9313	MEF2C	MMP20	FALSE	3
tri_0240	196	1543	AHR	CYP1A1	FALSE	3
tri_0251	196	4502	AHR	MT2A	FALSE	3
tri_0237	196	10257	AHR	ABCC4	FALSE	3
tri_0252	196	4780	AHR	NFE2L2	FALSE	3
tri_0256	196	653361	AHR	NCF1	FALSE	3
tri_0259	196	873	AHR	CBR1	FALSE	3
tri_0389	2624	7490	GATA2	WT1	FALSE	3
tri_0378	2624	2206	GATA2	MS4A2	FALSE	3
tri_0373	2624	100507436	GATA2	MICA	FALSE	3
tri_0382	2624	3815	GATA2	KIT	FALSE	3
tri_0697	429	5046	ASCL1	PCSK6	FALSE	3
tri_0414	2735	596	GLI1	BCL2	FALSE	3
tri_0416	2735	6696	GLI1	SPP1	FALSE	3
tri_0415	2735	6662	GLI1	SOX9	FALSE	3
tri_0408	2735	330	GLI1	BIRC3	FALSE	3
tri_0409	2735	358	GLI1	AQP1	FALSE	3
tri_0417	2735	7015	GLI1	TERT	FALSE	3
tri_0340	23314	65109	SATB2	UPF3B	FALSE	3
tri_0331	23314	16019	SATB2	Ighm	FALSE	3
tri_1053	5978	4988	REST	OPRM1	FALSE	3
tri_1045	5978	1859	REST	DYRK1A	FALSE	3
tri_1054	5978	57369	REST	GJD2	FALSE	3
tri_0623	4094	3586	MAF	IL10	FALSE	3
tri_0630	4094	7157	MAF	TP53	FALSE	3
tri_0621	4094	290	MAF	ANPEP	FALSE	3
tri_0174	1749	860	DLX5	RUNX2	FALSE	3
tri_0449	2737	8797	GLI3	TNFRSF10A	FALSE	3
tri_0170	1749	4609	DLX5	MYC	FALSE	3
tri_0164	1749	121340	DLX5	SP7	FALSE	3
tri_0172	1749	666279	DLX5	Dspp	FALSE	3
tri_0820	5079	1436	PAX5	CSF1R	FALSE	3
tri_1478	9355	7252	LHX2	TSHB	FALSE	3
tri_1290	6929	999	TCF3	CDH1	FALSE	3
tri_0824	5079	29760	PAX5	BLNK	FALSE	3
tri_0821	5079	1879	PAX5	EBF1	FALSE	3
tri_1474	9355	4487	LHX2	MSX1	FALSE	3
tri_1475	9355	4488	LHX2	MSX2	FALSE	3
tri_1343	7080	8828	NKX2-1	NRP2	FALSE	3
tri_1200	6722	3779	SRF	KCNMB1	FALSE	3
tri_0770	4760	84684	NEUROD1	INSM2	FALSE	3
tri_0769	4760	7068	NEUROD1	THRB	FALSE	3
tri_1069	63973	1996	NEUROG2	ELAVL4	FALSE	3
tri_1182	6667	3815	SP1	KIT	FALSE	3
tri_1039	5970	3303	RELA	HSPA1A	FALSE	3
tri_1040	5970	3304	RELA	HSPA1B	FALSE	3
tri_1041	5970	4899	RELA	NRF1	FALSE	3
tri_1180	6667	2182	SP1	ACSL4	FALSE	3
tri_1179	6667	1756	SP1	DMD	FALSE	3
tri_0807	4851	3280	NOTCH1	HES1	FALSE	3
tri_0006	10215	1027	OLIG2	CDKN1B	FALSE	3
tri_0011	10215	27181	OLIG2	SIGLEC8	FALSE	3
tri_0430	2736	9965	GLI2	FGF19	FALSE	3
tri_0425	2736	429	GLI2	ASCL1	FALSE	3
tri_0421	2736	2520	GLI2	GAST	FALSE	3
tri_0429	2736	7015	GLI2	TERT	FALSE	3
tri_0637	4204	6515	MECP2	SLC2A3	FALSE	3
tri_1262	6886	4778	TAL1	NFE2	FALSE	3
tri_0260	1961	11346	EGR4	SYNPO	FALSE	3
tri_0261	1961	1749	EGR4	DLX5	FALSE	3
tri_0262	1961	376267	EGR4	RAB15	FALSE	3
tri_0263	1961	389432	EGR4	SAMD5	FALSE	3
tri_0264	1961	5744	EGR4	PTHLH	FALSE	3
tri_1259	6886	2993	TAL1	GYPA	FALSE	3
tri_0793	4800	3303	NFYA	HSPA1A	FALSE	3
tri_0794	4800	3304	NFYA	HSPA1B	FALSE	3
tri_0395	2626	4583	GATA4	MUC2	FALSE	3
tri_0372	2623	7490	GATA1	WT1	FALSE	3
tri_1406	860	3381	RUNX2	IBSP	FALSE	3
tri_0779	4780	1080	NFE2L2	CFTR	FALSE	3
tri_0780	4780	1728	NFE2L2	NQO1	FALSE	3
tri_1088	64919	4851	BCL11B	NOTCH1	FALSE	3
tri_1407	860	51176	RUNX2	LEF1	FALSE	3
tri_0783	4780	468	NFE2L2	ATF4	FALSE	3
tri_0977	53335	3399	BCL11A	ID3	FALSE	3
tri_1086	64919	1956	BCL11B	EGFR	FALSE	3
tri_1408	860	6932	RUNX2	TCF7	FALSE	3
tri_1029	57167	5460	SALL4	POU5F1	FALSE	3
tri_1463	9314	79923	KLF4	NANOG	FALSE	3
tri_1462	9314	10637	KLF4	LEFTY1	FALSE	3
tri_1324	7020	3204	TFAP2A	HOXA7	FALSE	3
tri_1325	7020	3205	TFAP2A	HOXA9	FALSE	3
tri_1326	7020	4211	TFAP2A	MEIS1	FALSE	3
tri_0679	4211	6658	MEIS1	SOX3	FALSE	3
tri_0584	3725	3048	JUN	HBG2	FALSE	3
tri_1250	6776	4094	STAT5A	MAF	FALSE	3
tri_0353	23411	10891	SIRT1	PPARGC1A	FALSE	3
tri_1488	9575	468	CLOCK	ATF4	FALSE	3
tri_1186	6670	1756	SP3	DMD	FALSE	3
tri_0032	10538	3565	BATF	IL4	FALSE	3
tri_0033	10538	3662	BATF	IRF4	FALSE	3
tri_0970	5316	3636	PKNOX1	INPPL1	FALSE	3
tri_1253	6777	4094	STAT5B	MAF	FALSE	3
tri_1459	9112	5079	MTA1	PAX5	FALSE	3
tri_0270	2034	5629	EPAS1	PROX1	FALSE	3
tri_0271	2034	7001	EPAS1	PRDX2	FALSE	3
tri_0708	4488	860	MSX2	RUNX2	FALSE	3
tri_0616	4089	999	SMAD4	CDH1	FALSE	3
tri_0490	3169	4583	FOXA1	MUC2	FALSE	3
tri_0268	2033	387	EP300	RHOA	FALSE	3
tri_0031	10524	1280	KAT5	COL2A1	FALSE	3
tri_1098	6502	387	SKP2	RHOA	FALSE	3
tri_1491	9603	59	NFE2L3	ACTA2	FALSE	3
tri_0289	2146	999	EZH2	CDH1	FALSE	3
tri_0680	4212	1030	MEIS2	CDKN2B	FALSE	3
tri_0281	2113	8856	ETS1	NR1I2	FALSE	3
tri_1036	57591	3491	MRTFA	CCN1	FALSE	3
tri_1486	9572	9575	NR1D1	CLOCK	FALSE	3
tri_0159	1649	440	DDIT3	ASNS	FALSE	3
tri_0278	2099	4609	ESR1	MYC	FALSE	3
tri_1353	7227	861	TRPS1	RUNX1	FALSE	3
tri_1095	6496	5080	SIX3	PAX6	FALSE	3
tri_0815	5076	5080	PAX2	PAX6	FALSE	3
tri_0967	5308	2302	PITX2	FOXJ1	FALSE	3
tri_0077	139741	2735	ACTRT1	GLI1	FALSE	3
tri_0356	23468	4208	CBX5	MEF2C	FALSE	3
tri_1034	57178	387	ZMIZ1	RHOA	FALSE	3
tri_1255	6778	10538	STAT6	BATF	FALSE	3
tri_1354	7291	6929	TWIST1	TCF3	FALSE	3
tri_1389	79977	7080	GRHL2	NKX2-1	FALSE	3
tri_0891	5080	7042	PAX6	TGFB2	FALSE	2
tri_0841	5080	10586	PAX6	MAB21L2	FALSE	2
tri_0858	5080	2695	PAX6	GIP	FALSE	2
tri_0881	5080	5629	PAX6	PROX1	FALSE	2
tri_0853	5080	218	PAX6	ALDH3A1	FALSE	2
tri_0884	5080	607	PAX6	BCL9	FALSE	2
tri_0860	5080	283149	PAX6	BCL9L	FALSE	2
tri_0847	5080	1410	PAX6	CRYAB	FALSE	2
tri_0870	5080	389692	PAX6	MAFA	FALSE	2
tri_0874	5080	4318	PAX6	MMP9	FALSE	2
tri_0842	5080	10615	PAX6	SPAG5	FALSE	2
tri_0843	5080	114793	PAX6	FMNL2	FALSE	2
tri_0849	5080	1462	PAX6	VCAN	FALSE	2
tri_0864	5080	3676	PAX6	ITGA4	FALSE	2
tri_1137	6657	6657	SOX2	SOX2	FALSE	2
tri_1145	6657	8626	SOX2	TP63	FALSE	2
tri_1115	6657	2249	SOX2	FGF4	FALSE	2
tri_1143	6657	8433	SOX2	UTF1	FALSE	2
tri_1128	6657	5080	SOX2	PAX6	FALSE	2
tri_1127	6657	4760	SOX2	NEUROD1	FALSE	2
tri_1110	6657	11166	SOX2	SOX21	FALSE	2
tri_1112	6657	190	SOX2	NR0B1	FALSE	2
tri_1116	6657	2627	SOX2	GATA6	FALSE	2
tri_1125	6657	4616	SOX2	GADD45B	FALSE	2
tri_1132	6657	627	SOX2	BDNF	FALSE	2
tri_1133	6657	63973	SOX2	NEUROG2	FALSE	2
tri_1141	6657	7291	SOX2	TWIST1	FALSE	2
tri_1438	861	5197	RUNX1	PF4V1	FALSE	2
tri_1423	861	3458	RUNX1	IFNG	FALSE	2
tri_1416	861	1436	RUNX1	CSF1R	FALSE	2
tri_1430	861	407018	RUNX1	MIR27A	FALSE	2
tri_1413	861	10398	RUNX1	MYL9	FALSE	2
tri_1421	861	283897	RUNX1	C16orf54	FALSE	2
tri_1436	861	51310	RUNX1	SLC22A17	FALSE	2
tri_1411	861	100506658	RUNX1	OCLN	FALSE	2
tri_1415	861	122809	RUNX1	SOCS4	FALSE	2
tri_1417	861	1493	RUNX1	CTLA4	FALSE	2
tri_1427	861	3559	RUNX1	IL2RA	FALSE	2
tri_1428	861	3575	RUNX1	IL7R	FALSE	2
tri_1434	861	4627	RUNX1	MYH9	FALSE	2
tri_1442	861	640	RUNX1	BLK	FALSE	2
tri_1444	861	7082	RUNX1	TJP1	FALSE	2
tri_1445	861	7122	RUNX1	CLDN5	FALSE	2
tri_1448	861	8784	RUNX1	TNFRSF18	FALSE	2
tri_1449	861	9021	RUNX1	SOCS3	FALSE	2
tri_0185	1869	317	E2F1	APAF1	FALSE	2
tri_0200	1869	672	E2F1	BRCA1	FALSE	2
tri_0179	1869	1894	E2F1	ECT2	FALSE	2
tri_0207	1869	9493	E2F1	KIF23	FALSE	2
tri_0182	1869	29127	E2F1	RACGAP1	FALSE	2
tri_0190	1869	472	E2F1	ATM	FALSE	2
tri_0178	1869	1786	E2F1	DNMT1	FALSE	2
tri_0192	1869	4863	E2F1	NPAT	FALSE	2
tri_0193	1869	5046	E2F1	PCSK6	FALSE	2
tri_0194	1869	5422	E2F1	POLA1	FALSE	2
tri_0195	1869	5813	E2F1	PURA	FALSE	2
tri_0116	1499	860	CTNNB1	RUNX2	FALSE	2
tri_0084	1499	1869	CTNNB1	E2F1	FALSE	2
tri_0090	1499	3725	CTNNB1	JUN	FALSE	2
tri_0097	1499	4762	CTNNB1	NEUROG1	FALSE	2
tri_0082	1499	147111	CTNNB1	NOTUM	FALSE	2
tri_0085	1499	1906	CTNNB1	EDN1	FALSE	2
tri_0103	1499	55897	CTNNB1	MESP1	FALSE	2
tri_0107	1499	599	CTNNB1	BCL2L2	FALSE	2
tri_0111	1499	6774	CTNNB1	STAT3	FALSE	2
tri_0119	1499	8878	CTNNB1	SQSTM1	FALSE	2
tri_0295	2308	1026	FOXO1	CDKN1A	FALSE	2
tri_0304	2308	2538	FOXO1	G6PC	FALSE	2
tri_0296	2308	10365	FOXO1	KLF2	FALSE	2
tri_0312	2308	5166	FOXO1	PDK4	FALSE	2
tri_0320	2308	6720	FOXO1	SREBF1	FALSE	2
tri_0999	5460	2249	POU5F1	FGF4	FALSE	2
tri_1008	5460	5460	POU5F1	POU5F1	FALSE	2
tri_0322	2308	7122	FOXO1	CLDN5	FALSE	2
tri_0317	2308	5896	FOXO1	RAG1	FALSE	2
tri_1011	5460	55897	POU5F1	MESP1	FALSE	2
tri_0298	2308	1514	FOXO1	CTSL	FALSE	2
tri_0318	2308	5897	FOXO1	RAG2	FALSE	2
tri_0988	5460	10011	POU5F1	SRA1	FALSE	2
tri_0989	5460	100379571	POU5F1	BACE1-AS	FALSE	2
tri_0998	5460	201456	POU5F1	FBXO15	FALSE	2
tri_1006	5460	51214	POU5F1	IGF2-AS	FALSE	2
tri_1007	5460	5156	POU5F1	PDGFRA	FALSE	2
tri_1010	5460	55000	POU5F1	TUG1	FALSE	2
tri_1012	5460	57167	POU5F1	SALL4	FALSE	2
tri_1235	6774	4312	STAT3	MMP1	FALSE	2
tri_1224	6774	1958	STAT3	EGR1	FALSE	2
tri_1218	6774	133	STAT3	ADM	FALSE	2
tri_1228	6774	23135	STAT3	KDM6B	FALSE	2
tri_1241	6774	6280	STAT3	S100A9	FALSE	2
tri_0210	1958	10855	EGR1	HPSE	FALSE	2
tri_0217	1958	2152	EGR1	F3	FALSE	2
tri_0234	1958	8651	EGR1	SOCS1	FALSE	2
tri_0049	1385	2353	CREB1	FOS	FALSE	2
tri_0211	1958	1387	EGR1	CREBBP	FALSE	2
tri_0230	1958	7048	EGR1	TGFBR2	FALSE	2
tri_0065	1385	55353	CREB1	LAPTM4B	FALSE	2
tri_0070	1385	6662	CREB1	SOX9	FALSE	2
tri_0062	1385	5010	CREB1	CLDN11	FALSE	2
tri_0074	1385	953	CREB1	ENTPD1	FALSE	2
tri_0044	1385	2116	CREB1	ETV2	FALSE	2
tri_0066	1385	5819	CREB1	NECTIN2	FALSE	2
tri_0058	1385	3491	CREB1	CCN1	FALSE	2
tri_0068	1385	5983	CREB1	RFC3	FALSE	2
tri_0073	1385	892	CREB1	CCNC	FALSE	2
tri_0506	3170	3651	FOXA2	PDX1	FALSE	2
tri_0130	1523	1894	CUX1	ECT2	FALSE	2
tri_0155	1523	9493	CUX1	KIF23	FALSE	2
tri_0133	1523	29127	CUX1	RACGAP1	FALSE	2
tri_0496	3170	13863	FOXA2	Lcn5	FALSE	2
tri_0505	3170	3479	FOXA2	IGF1	FALSE	2
tri_0503	3170	3087	FOXA2	HHEX	FALSE	2
tri_0508	3170	4131	FOXA2	MAP1B	FALSE	2
tri_0523	3170	9705	FOXA2	ST18	FALSE	2
tri_0519	3170	7477	FOXA2	WNT7B	FALSE	2
tri_0126	1523	10671	CUX1	DCTN6	FALSE	2
tri_0131	1523	22836	CUX1	RHOBTB3	FALSE	2
tri_0132	1523	2316	CUX1	FLNA	FALSE	2
tri_0134	1523	3689	CUX1	ITGB2	FALSE	2
tri_0135	1523	3814	CUX1	KISS1	FALSE	2
tri_0136	1523	397	CUX1	ARHGDIB	FALSE	2
tri_0138	1523	4609	CUX1	MYC	FALSE	2
tri_0139	1523	4684	CUX1	NCAM1	FALSE	2
tri_0140	1523	4758	CUX1	NEU1	FALSE	2
tri_0141	1523	51474	CUX1	LIMA1	FALSE	2
tri_0142	1523	5411	CUX1	PNN	FALSE	2
tri_0144	1523	54922	CUX1	RASIP1	FALSE	2
tri_0145	1523	5747	CUX1	PTK2	FALSE	2
tri_0146	1523	57575	CUX1	PCDH10	FALSE	2
tri_0147	1523	6476	CUX1	SI	FALSE	2
tri_0148	1523	6591	CUX1	SNAI2	FALSE	2
tri_0149	1523	6615	CUX1	SNAI1	FALSE	2
tri_0150	1523	7057	CUX1	THBS1	FALSE	2
tri_0153	1523	8839	CUX1	CCN5	FALSE	2
tri_0154	1523	9232	CUX1	PTTG1	FALSE	2
tri_0156	1523	9609	CUX1	RAB36	FALSE	2
tri_0157	1523	9743	CUX1	ARHGAP32	FALSE	2
tri_0493	3170	10370	FOXA2	CITED2	FALSE	2
tri_0495	3170	136	FOXA2	ADORA2B	FALSE	2
tri_0499	3170	23705	FOXA2	CADM1	FALSE	2
tri_0507	3170	3767	FOXA2	KCNJ11	FALSE	2
tri_0511	3170	57101	FOXA2	ANO2	FALSE	2
tri_0515	3170	6558	FOXA2	SLC12A2	FALSE	2
tri_0516	3170	6833	FOXA2	ABCC8	FALSE	2
tri_0517	3170	727897	FOXA2	MUC5B	FALSE	2
tri_0521	3170	8431	FOXA2	NR0B2	FALSE	2
tri_0522	3170	8671	FOXA2	SLC4A4	FALSE	2
tri_1377	7528	6351	YY1	CCL4	FALSE	2
tri_1360	7528	1482	YY1	NKX2-5	FALSE	2
tri_1356	7528	1080	YY1	CFTR	FALSE	2
tri_1357	7528	1277	YY1	COL1A1	FALSE	2
tri_1365	7528	2908	YY1	NR3C1	FALSE	2
tri_1379	7528	7157	YY1	TP53	FALSE	2
tri_1358	7528	1371	YY1	CPOX	FALSE	2
tri_1372	7528	5076	YY1	PAX2	FALSE	2
tri_0539	3280	11096	HES1	ADAMTS5	FALSE	2
tri_0547	3280	2548	HES1	GAA	FALSE	2
tri_0552	3280	3569	HES1	IL6	FALSE	2
tri_0556	3280	4322	HES1	MMP13	FALSE	2
tri_0558	3280	4863	HES1	NPAT	FALSE	2
tri_0560	3280	664	HES1	BNIP3	FALSE	2
tri_0561	3280	898	HES1	CCNE1	FALSE	2
tri_0562	3280	9173	HES1	IL1RL1	FALSE	2
tri_1369	7528	3814	YY1	KISS1	FALSE	2
tri_1373	7528	5354	YY1	PLP1	FALSE	2
tri_1376	7528	5978	YY1	REST	FALSE	2
tri_1378	7528	6615	YY1	SNAI1	FALSE	2
tri_1381	7528	9232	YY1	PTTG1	FALSE	2
tri_1382	7528	9928	YY1	KIF14	FALSE	2
tri_1383	7528	9962	YY1	SLC23A2	FALSE	2
tri_0942	51176	3565	LEF1	IL4	FALSE	2
tri_0725	4609	4830	MYC	NME1	FALSE	2
tri_0729	4609	5471	MYC	PPAT	FALSE	2
tri_0713	4609	10606	MYC	PAICS	FALSE	2
tri_0931	51176	1046	LEF1	CDX4	FALSE	2
tri_0941	51176	28514	LEF1	DLL1	FALSE	2
tri_0943	51176	4316	LEF1	MMP7	FALSE	2
tri_0934	51176	1301	LEF1	COL11A1	FALSE	2
tri_0945	51176	4488	LEF1	MSX2	FALSE	2
tri_0947	51176	4684	LEF1	NCAM1	FALSE	2
tri_0723	4609	387231	MYC	Mir122	FALSE	2
tri_0738	4609	857	MYC	CAV1	FALSE	2
tri_0733	4609	6615	MYC	SNAI1	FALSE	2
tri_0711	4609	100507056	MYC	CCAT1	FALSE	2
tri_0715	4609	1503	MYC	CTPS1	FALSE	2
tri_0716	4609	158	MYC	ADSL	FALSE	2
tri_0717	4609	1723	MYC	DHODH	FALSE	2
tri_0718	4609	2618	MYC	GART	FALSE	2
tri_0720	4609	3614	MYC	IMPDH1	FALSE	2
tri_0721	4609	3615	MYC	IMPDH2	FALSE	2
tri_0724	4609	471	MYC	ATIC	FALSE	2
tri_0727	4609	5198	MYC	PFAS	FALSE	2
tri_0731	4609	5888	MYC	RAD51	FALSE	2
tri_0929	51176	10117	LEF1	ENAM	FALSE	2
tri_0939	51176	2249	LEF1	FGF4	FALSE	2
tri_0963	51176	8856	LEF1	NR1I2	FALSE	2
tri_0477	3091	54583	HIF1A	EGLN1	FALSE	2
tri_0459	3091	112399	HIF1A	EGLN3	FALSE	2
tri_0469	3091	2997	HIF1A	GYS1	FALSE	2
tri_0480	3091	6095	HIF1A	RORA	FALSE	2
tri_0479	3091	59272	HIF1A	ACE2	FALSE	2
tri_0465	3091	23621	HIF1A	BACE1	FALSE	2
tri_0460	3091	1490	HIF1A	CCN2	FALSE	2
tri_0457	3091	10253	HIF1A	SPRY2	FALSE	2
tri_0458	3091	10507	HIF1A	SEMA4D	FALSE	2
tri_0464	3091	23400	HIF1A	ATP13A2	FALSE	2
tri_0466	3091	2623	HIF1A	GATA1	FALSE	2
tri_0468	3091	29126	HIF1A	CD274	FALSE	2
tri_0471	3091	3284	HIF1A	HSD3B2	FALSE	2
tri_0472	3091	3577	HIF1A	CXCR1	FALSE	2
tri_0473	3091	3579	HIF1A	CXCR2	FALSE	2
tri_0476	3091	4915	HIF1A	NTRK2	FALSE	2
tri_0895	5087	1030	PBX1	CDKN2B	FALSE	2
tri_0899	5087	1586	PBX1	CYP17A1	FALSE	2
tri_0913	5087	4158	PBX1	MC2R	FALSE	2
tri_0922	5087	7415	PBX1	VCP	FALSE	2
tri_0915	5087	5080	PBX1	PAX6	FALSE	2
tri_0897	5087	121340	PBX1	SP7	FALSE	2
tri_0905	5087	3195	PBX1	TLX1	FALSE	2
tri_0926	5087	960	PBX1	CD44	FALSE	2
tri_1176	6662	8876	SOX9	VNN1	FALSE	2
tri_1173	6662	7439	SOX9	BEST1	FALSE	2
tri_1149	6662	1026	SOX9	CDKN1A	FALSE	2
tri_1174	6662	8190	SOX9	MIA	FALSE	2
tri_1148	6662	100532731	SOX9	COMMD3-BMI1	FALSE	2
tri_1153	6662	1490	SOX9	CCN2	FALSE	2
tri_1160	6662	4774	SOX9	NFIA	FALSE	2
tri_1302	6934	3725	TCF7L2	JUN	FALSE	2
tri_1307	6934	56910	TCF7L2	STARD7	FALSE	2
tri_1295	6934	147111	TCF7L2	NOTUM	FALSE	2
tri_1300	6934	23621	TCF7L2	BACE1	FALSE	2
tri_1306	6934	5337	TCF7L2	PLD1	FALSE	2
tri_1310	6934	599	TCF7L2	BCL2L2	FALSE	2
tri_1311	6934	6331	TCF7L2	SCN5A	FALSE	2
tri_1320	6934	8313	TCF7L2	AXIN2	FALSE	2
tri_1322	6934	8878	TCF7L2	SQSTM1	FALSE	2
tri_0647	4208	1674	MEF2C	DES	FALSE	2
tri_0651	4208	270	MEF2C	AMPD1	FALSE	2
tri_0655	4208	4619	MEF2C	MYH1	FALSE	2
tri_0639	4208	10021	MEF2C	HCN4	FALSE	2
tri_0653	4208	3512	MEF2C	JCHAIN	FALSE	2
tri_0660	4208	53630	MEF2C	BCO1	FALSE	2
tri_0239	196	10673	AHR	TNFSF13B	FALSE	2
tri_0238	196	10563	AHR	CXCL13	FALSE	2
tri_0255	196	6346	AHR	CCL1	FALSE	2
tri_0249	196	3576	AHR	CXCL8	FALSE	2
tri_0248	196	3569	AHR	IL6	FALSE	2
tri_0250	196	3661	AHR	IRF3	FALSE	2
tri_0257	196	768	AHR	CA9	FALSE	2
tri_0247	196	2312	AHR	FLG	FALSE	2
tri_0258	196	8140	AHR	SLC7A5	FALSE	2
tri_0381	2624	3596	GATA2	IL13	FALSE	2
tri_0386	2624	6036	GATA2	RNASE2	FALSE	2
tri_0377	2624	2205	GATA2	FCER1A	FALSE	2
tri_0388	2624	7252	GATA2	TSHB	FALSE	2
tri_0376	2624	1734	GATA2	DIO2	FALSE	2
tri_0385	2624	5152	GATA2	PDE9A	FALSE	2
tri_0387	2624	7157	GATA2	TP53	FALSE	2
tri_0684	429	1946	ASCL1	EFNA5	FALSE	2
tri_0687	429	2798	ASCL1	GNRHR	FALSE	2
tri_0695	429	4255	ASCL1	MGMT	FALSE	2
tri_0696	429	4316	ASCL1	MMP7	FALSE	2
tri_0404	2735	2305	GLI1	FOXM1	FALSE	2
tri_0413	2735	5727	GLI1	PTCH1	FALSE	2
tri_0412	2735	5156	GLI1	PDGFRA	FALSE	2
tri_0406	2735	3037	GLI1	HAS2	FALSE	2
tri_0411	2735	4807	GLI1	NHLH1	FALSE	2
tri_0410	2735	4751	GLI1	NEK2	FALSE	2
tri_0418	2735	83998	GLI1	REG4	FALSE	2
tri_0333	23314	4212	SATB2	MEIS2	FALSE	2
tri_0334	23314	4609	SATB2	MYC	FALSE	2
tri_0337	23314	596	SATB2	BCL2	FALSE	2
tri_0344	23314	79923	SATB2	NANOG	FALSE	2
tri_0345	23314	8313	SATB2	AXIN2	FALSE	2
tri_0346	23314	8842	SATB2	PROM1	FALSE	2
tri_0347	23314	960	SATB2	CD44	FALSE	2
tri_1050	5978	390259	REST	BSX	FALSE	2
tri_1049	5978	3783	REST	KCNN4	FALSE	2
tri_1056	5978	6772	REST	STAT1	FALSE	2
tri_1048	5978	3350	REST	HTR1A	FALSE	2
tri_0622	4094	3565	MAF	IL4	FALSE	2
tri_0631	4094	894	MAF	CCND2	FALSE	2
tri_0619	4094	1409	MAF	CRYAA	FALSE	2
tri_0617	4094	102724652	MAF	CRYAA2	FALSE	2
tri_0628	4094	4094	MAF	MAF	FALSE	2
tri_0620	4094	14526	MAF	Gcg	FALSE	2
tri_0167	1749	249	DLX5	ALPL	FALSE	2
tri_0168	1749	2637	DLX5	GBX2	FALSE	2
tri_1281	6929	243469	TCF3	Igk	FALSE	2
tri_0826	5079	5897	PAX5	RAG2	FALSE	2
tri_1286	6929	7441	TCF3	VPREB1	FALSE	2
tri_0827	5079	640	PAX5	BLK	FALSE	2
tri_1276	6929	1026	TCF3	CDKN1A	FALSE	2
tri_1284	6929	5896	TCF3	RAG1	FALSE	2
tri_1473	9355	390275	LHX2	OR8A1	FALSE	2
tri_0831	5079	971	PAX5	CD72	FALSE	2
tri_0830	5079	9588	PAX5	PRDX6	FALSE	2
tri_1288	6929	896	TCF3	CCND3	FALSE	2
tri_1289	6929	921	TCF3	CD5	FALSE	2
tri_1287	6929	8431	TCF3	NR0B2	FALSE	2
tri_0828	5079	8856	PAX5	NR1I2	FALSE	2
tri_1285	6929	5897	TCF3	RAG2	FALSE	2
tri_1476	9355	4617	LHX2	MYF5	FALSE	2
tri_1337	7080	6439	NKX2-1	SFTPB	FALSE	2
tri_1339	7080	7038	NKX2-1	TG	FALSE	2
tri_1340	7080	7173	NKX2-1	TPO	FALSE	2
tri_1336	7080	59336	NKX2-1	PRDM13	FALSE	2
tri_1341	7080	7477	NKX2-1	WNT7B	FALSE	2
tri_1334	7080	1871	NKX2-1	E2F3	FALSE	2
tri_1335	7080	4233	NKX2-1	MET	FALSE	2
tri_1338	7080	652	NKX2-1	BMP4	FALSE	2
tri_1344	7080	891	NKX2-1	CCNB1	FALSE	2
tri_1345	7080	9133	NKX2-1	CCNB2	FALSE	2
tri_1204	6722	59	SRF	ACTA2	FALSE	2
tri_1201	6722	4629	SRF	MYH11	FALSE	2
tri_1194	6722	1490	SRF	CCN2	FALSE	2
tri_0765	4760	4826	NEUROD1	NNAT	FALSE	2
tri_0767	4760	5080	NEUROD1	PAX6	FALSE	2
tri_0762	4760	3642	NEUROD1	INSM1	FALSE	2
tri_0768	4760	57818	NEUROD1	G6PC2	FALSE	2
tri_0771	4760	9705	NEUROD1	ST18	FALSE	2
tri_0760	4760	2798	NEUROD1	GNRHR	FALSE	2
tri_0766	4760	5068	NEUROD1	REG3A	FALSE	2
tri_1075	63973	4760	NEUROG2	NEUROD1	FALSE	2
tri_1183	6667	4988	SP1	OPRM1	FALSE	2
tri_1042	5970	5743	RELA	PTGS2	FALSE	2
tri_1185	6667	6662	SP1	SOX9	FALSE	2
tri_1184	6667	5819	SP1	NECTIN2	FALSE	2
tri_0803	4851	1277	NOTCH1	COL1A1	FALSE	2
tri_0804	4851	1278	NOTCH1	COL1A2	FALSE	2
tri_0424	2736	331	GLI2	XIAP	FALSE	2
tri_0426	2736	4751	GLI2	NEK2	FALSE	2
tri_1268	6925	3559	TCF4	IL2RA	FALSE	2
tri_1274	6925	948	TCF4	CD36	FALSE	2
tri_1269	6925	4286	TCF4	MITF	FALSE	2
tri_1266	6925	1026	TCF4	CDKN1A	FALSE	2
tri_1267	6925	1638	TCF4	DCT	FALSE	2
tri_1270	6925	51176	TCF4	LEF1	FALSE	2
tri_1272	6925	7299	TCF4	TYR	FALSE	2
tri_1273	6925	7306	TCF4	TYRP1	FALSE	2
tri_1263	6886	595	TAL1	CCND1	FALSE	2
tri_1256	6886	10076	TAL1	PTPRU	FALSE	2
tri_1264	6886	6189	TAL1	RPS3A	FALSE	2
tri_0392	2626	2255	GATA4	FGF10	FALSE	2
tri_0394	2626	4208	GATA4	MEF2C	FALSE	2
tri_0795	4800	5010	NFYA	CLDN11	FALSE	2
tri_0391	2626	1559	GATA4	CYP2C9	FALSE	2
tri_0396	2626	5010	GATA4	CLDN11	FALSE	2
tri_0397	2626	59	GATA4	ACTA2	FALSE	2
tri_0398	2626	6442	GATA4	SGCA	FALSE	2
tri_0370	2623	3596	GATA1	IL13	FALSE	2
tri_0369	2623	2206	GATA1	MS4A2	FALSE	2
tri_0368	2623	2205	GATA1	FCER1A	FALSE	2
tri_0785	4790	3303	NFKB1	HSPA1A	FALSE	2
tri_0786	4790	3304	NFKB1	HSPA1B	FALSE	2
tri_0367	2623	10987	GATA1	COPS5	FALSE	2
tri_0789	4790	51778	NFKB1	MYOZ2	FALSE	2
tri_0371	2623	5010	GATA1	CLDN11	FALSE	2
tri_0532	3239	1602	HOXD13	DACH1	FALSE	2
tri_0533	3239	2200	HOXD13	FBN1	FALSE	2
tri_0534	3239	56033	HOXD13	BARX1	FALSE	2
tri_0535	3239	9464	HOXD13	HAND2	FALSE	2
tri_1409	860	8817	RUNX2	FGF18	FALSE	2
tri_0750	4654	5925	MYOD1	RB1	FALSE	2
tri_0751	4654	6442	MYOD1	SGCA	FALSE	2
tri_0778	4780	10257	NFE2L2	ABCC4	FALSE	2
tri_0745	4654	1028	MYOD1	CDKN1C	FALSE	2
tri_0973	53335	3043	BCL11A	HBB	FALSE	2
tri_0974	53335	3046	BCL11A	HBE1	FALSE	2
tri_0975	53335	3047	BCL11A	HBG1	FALSE	2
tri_0976	53335	3048	BCL11A	HBG2	FALSE	2
tri_0978	53335	6925	BCL11A	TCF4	FALSE	2
tri_1087	64919	3856	BCL11B	KRT8	FALSE	2
tri_1028	57167	3205	SALL4	HOXA9	FALSE	2
tri_1030	57167	5728	SALL4	PTEN	FALSE	2
tri_1031	57167	64321	SALL4	SOX17	FALSE	2
tri_1033	57167	861	SALL4	RUNX1	FALSE	2
tri_1461	9314	1030	KLF4	CDKN2B	FALSE	2
tri_1464	9314	999	KLF4	CDH1	FALSE	2
tri_0563	3297	3303	HSF1	HSPA1A	FALSE	2
tri_0564	3297	3304	HSF1	HSPA1B	FALSE	2
tri_0273	2078	7113	ERG	TMPRSS2	FALSE	2
tri_0277	2078	7481	ERG	WNT11	FALSE	2
tri_1327	7026	23493	NR2F2	HEY2	FALSE	2
tri_0272	2078	51176	ERG	LEF1	FALSE	2
tri_0274	2078	7471	ERG	WNT1	FALSE	2
tri_0275	2078	7472	ERG	WNT2	FALSE	2
tri_0276	2078	7473	ERG	WNT3	FALSE	2
tri_1328	7026	4633	NR2F2	MYL2	FALSE	2
tri_1329	7026	50805	NR2F2	IRX4	FALSE	2
tri_1330	7026	6910	NR2F2	TBX5	FALSE	2
tri_0586	3725	4322	JUN	MMP13	FALSE	2
tri_0587	3725	5819	JUN	NECTIN2	FALSE	2
tri_0675	4211	2322	MEIS1	FLT3	FALSE	2
tri_0676	4211	3880	MEIS1	KRT19	FALSE	2
tri_0678	4211	5727	MEIS1	PTCH1	FALSE	2
tri_0756	468	440	ATF4	ASNS	FALSE	2
tri_0754	468	3309	ATF4	HSPA5	FALSE	2
tri_0755	468	4170	ATF4	MCL1	FALSE	2
tri_0757	468	6623	ATF4	SNCG	FALSE	2
tri_1490	9575	8553	CLOCK	BHLHE40	FALSE	2
tri_0984	5451	218	POU2F1	ALDH3A1	FALSE	2
tri_0986	5451	3670	POU2F1	ISL1	FALSE	2
tri_1248	6776	1879	STAT5A	EBF1	FALSE	2
tri_1249	6776	3934	STAT5A	LCN2	FALSE	2
tri_1251	6776	4208	STAT5A	MEF2C	FALSE	2
tri_1487	9575	25819	CLOCK	NOCT	FALSE	2
tri_0034	10538	4094	BATF	MAF	FALSE	2
tri_1498	9988	374	DMTF1	AREG	FALSE	2
tri_1499	9988	7057	DMTF1	THBS1	FALSE	2
tri_1497	9988	3726	DMTF1	JUNB	FALSE	2
tri_1496	9988	1958	DMTF1	EGR1	FALSE	2
tri_0796	4801	3303	NFYB	HSPA1A	FALSE	2
tri_0797	4801	3304	NFYB	HSPA1B	FALSE	2
tri_0798	4802	3303	NFYC	HSPA1A	FALSE	2
tri_0799	4802	3304	NFYC	HSPA1B	FALSE	2
tri_0359	2516	5087	NR5A1	PBX1	FALSE	2
tri_1481	93649	4638	MYOCD	MYLK	FALSE	2
tri_1484	93649	6876	MYOCD	TAGLN	FALSE	2
tri_0360	2516	6662	NR5A1	SOX9	FALSE	2
tri_0362	2516	8876	NR5A1	VNN1	FALSE	2
tri_0971	5316	6049	PKNOX1	RNF6	FALSE	2
tri_1188	6670	5819	SP3	NECTIN2	FALSE	2
tri_0613	4086	860	SMAD1	RUNX2	FALSE	2
tri_0612	4086	4609	SMAD1	MYC	FALSE	2
tri_0399	2627	4638	GATA6	MYLK	FALSE	2
tri_0401	2627	7477	GATA6	WNT7B	FALSE	2
tri_0611	4086	4488	SMAD1	MSX2	FALSE	2
tri_0003	10042	4629	HMGXB4	MYH11	FALSE	2
tri_0004	10042	59	HMGXB4	ACTA2	FALSE	2
tri_0005	10042	6876	HMGXB4	TAGLN	FALSE	2
tri_0400	2627	5010	GATA6	CLDN11	FALSE	2
tri_1252	6777	3934	STAT5B	LCN2	FALSE	2
tri_1254	6777	4208	STAT5B	MEF2C	FALSE	2
tri_1394	83439	2494	TCF7L1	NR5A2	FALSE	2
tri_1397	83439	85416	TCF7L1	ZIC5	FALSE	2
tri_1190	6688	2205	SPI1	FCER1A	FALSE	2
tri_0615	4089	4488	SMAD4	MSX2	FALSE	2
tri_1386	7704	4609	ZBTB16	MYC	FALSE	2
tri_1387	7704	5087	ZBTB16	PBX1	FALSE	2
tri_0162	1746	2571	DLX2	GAD1	FALSE	2
tri_0163	1746	2572	DLX2	GAD2	FALSE	2
tri_0269	2033	6502	EP300	SKP2	FALSE	2
tri_0525	3171	10891	FOXA3	PPARGC1A	FALSE	2
tri_1191	6688	8856	SPI1	NR1I2	FALSE	2
tri_0582	3670	2255	ISL1	FGF10	FALSE	2
tri_1060	6045	4212	RNF2	MEIS2	FALSE	2
tri_0265	2002	4170	ELK1	MCL1	FALSE	2
tri_0709	4602	5897	MYB	RAG2	FALSE	2
tri_0573	3642	3642	INSM1	INSM1	FALSE	2
tri_0574	3642	4760	INSM1	NEUROD1	FALSE	2
tri_0583	3670	4208	ISL1	MEF2C	FALSE	2
tri_0598	389692	16333	MAFA	Ins1	FALSE	2
tri_0599	389692	3630	MAFA	INS	FALSE	2
tri_1061	6045	55079	RNF2	FEZF2	FALSE	2
tri_0023	1045	6886	CDX2	TAL1	FALSE	2
tri_0266	2002	80149	ELK1	ZC3H12A	FALSE	2
tri_0590	388585	474	HES5	ATOH1	FALSE	2
tri_0710	4602	861	MYB	RUNX1	FALSE	2
tri_1084	6469	5817	SHH	PVR	FALSE	2
tri_1100	6591	6662	SNAI2	SOX9	FALSE	2
tri_1492	9603	6876	NFE2L3	TAGLN	FALSE	2
tri_0402	27086	5896	FOXP1	RAG1	FALSE	2
tri_0403	27086	5897	FOXP1	RAG2	FALSE	2
tri_1455	8929	401	PHOX2B	PHOX2A	FALSE	2
tri_0578	3651	9705	PDX1	ST18	FALSE	2
tri_0021	10413	6662	YAP1	SOX9	FALSE	2
tri_0607	406	1958	ARNTL	EGR1	FALSE	2
tri_0741	4613	857	MYCN	CAV1	FALSE	2
tri_0980	5437	6774	POLR2H	STAT3	FALSE	2
tri_1102	6598	2735	SMARCB1	GLI1	FALSE	2
tri_1103	6598	5727	SMARCB1	PTCH1	FALSE	2
tri_1456	8929	5979	PHOX2B	RET	FALSE	2
tri_1106	6615	999	SNAI1	CDH1	FALSE	2
tri_0758	4692	4609	NDN	MYC	FALSE	2
tri_0028	1050	10987	CEBPA	COPS5	FALSE	2
tri_0565	3298	91752	HSF2	ZNF804A	FALSE	2
tri_0604	401	5979	PHOX2A	RET	FALSE	2
tri_0812	4853	6662	NOTCH2	SOX9	FALSE	2
tri_1081	64207	3814	IRF2BPL	KISS1	FALSE	2
tri_1460	9232	9232	PTTG1	PTTG1	FALSE	2
tri_0038	121340	860	SP7	RUNX2	FALSE	2
tri_1026	55553	860	SOX6	RUNX2	FALSE	2
tri_1022	5468	948	PPARG	CD36	FALSE	2
tri_1192	6720	21	SREBF1	ABCA3	FALSE	2
tri_0456	30812	8876	SOX8	VNN1	FALSE	2
tri_0529	3195	3195	TLX1	TLX1	FALSE	2
tri_1393	8328	4208	GFI1B	MEF2C	FALSE	2
tri_0981	5449	7252	POU1F1	TSHB	FALSE	2
tri_0075	1386	953	ATF2	ENTPD1	FALSE	2
tri_0279	2103	190	ESRRB	NR0B1	FALSE	2
tri_1094	6495	474	SIX1	ATOH1	FALSE	2
tri_0030	1051	10987	CEBPB	COPS5	FALSE	2
tri_0037	1108	53335	CHD4	BCL11A	FALSE	2
tri_0175	183	2056	AGT	EPO	FALSE	2
tri_0357	2354	4609	FOSB	MYC	FALSE	2
tri_0363	25920	51176	NELFB	LEF1	FALSE	2
tri_0530	3196	5979	TLX2	RET	FALSE	2
tri_0531	3211	3211	HOXB1	HOXB1	FALSE	2
tri_0566	3398	3280	ID2	HES1	FALSE	2
tri_0568	347689	6657	SOX2-OT	SOX2	FALSE	2
tri_0581	367	13863	AR	Lcn5	FALSE	2
tri_0588	3727	4609	JUND	MYC	FALSE	2
tri_0602	3975	8820	LHX1	HESX1	FALSE	2
tri_0605	4010	8820	LMX1B	HESX1	FALSE	2
tri_0610	4066	4208	LYL1	MEF2C	FALSE	2
tri_1027	56938	8553	ARNTL2	BHLHE40	FALSE	2
tri_1147	6660	860	SOX5	RUNX2	FALSE	2
tri_1193	6721	21	SREBF2	ABCA3	FALSE	2
tri_1291	6932	860	TCF7	RUNX2	FALSE	2
tri_1390	8022	8820	LHX3	HESX1	FALSE	2
tri_0863	5080	3651	PAX6	PDX1	FALSE	1
tri_0848	5080	14526	PAX6	Gcg	FALSE	1
tri_0869	5080	3859	PAX6	KRT12	FALSE	1
tri_0882	5080	57818	PAX6	G6PC2	FALSE	1
tri_0857	5080	2645	PAX6	GCK	FALSE	1
tri_0834	5080	10218	PAX6	ANGPTL7	FALSE	1
tri_0839	5080	1029	PAX6	CDKN2A	FALSE	1
tri_0840	5080	1032	PAX6	CDKN2D	FALSE	1
tri_0845	5080	1191	PAX6	CLU	FALSE	1
tri_0856	5080	2312	PAX6	FLG	FALSE	1
tri_0862	5080	3630	PAX6	INS	FALSE	1
tri_0865	5080	3713	PAX6	IVL	FALSE	1
tri_0866	5080	3848	PAX6	KRT1	FALSE	1
tri_0867	5080	3850	PAX6	KRT3	FALSE	1
tri_0868	5080	3858	PAX6	KRT10	FALSE	1
tri_0892	5080	7086	PAX6	TKT	FALSE	1
tri_0893	5080	80036	PAX6	TRPM3	FALSE	1
tri_1109	6657	10637	SOX2	LEFTY1	FALSE	1
tri_1136	6657	652	SOX2	BMP4	FALSE	1
tri_1146	6657	898	SOX2	CCNE1	FALSE	1
tri_1432	861	417	RUNX1	ART1	FALSE	1
tri_1451	861	973	RUNX1	CD79A	FALSE	1
tri_1410	861	100423062	RUNX1	IGLL5	FALSE	1
tri_1425	861	3543	RUNX1	IGLL1	FALSE	1
tri_1418	861	2070	RUNX1	EYA4	FALSE	1
tri_1419	861	22806	RUNX1	IKZF3	FALSE	1
tri_1422	861	3358	RUNX1	HTR2C	FALSE	1
tri_1446	861	7441	RUNX1	VPREB1	FALSE	1
tri_1447	861	84870	RUNX1	RSPO3	FALSE	1
tri_1450	861	914	RUNX1	CD2	FALSE	1
tri_0177	1869	1029	E2F1	CDKN2A	FALSE	1
tri_0202	1869	83463	E2F1	MXD3	FALSE	1
tri_0198	1869	637	E2F1	BID	FALSE	1
tri_0176	1869	100048912	E2F1	CDKN2B-AS1	FALSE	1
tri_0203	1869	841	E2F1	CASP8	FALSE	1
tri_0113	1499	7422	CTNNB1	VEGFA	FALSE	1
tri_0114	1499	8313	CTNNB1	AXIN2	FALSE	1
tri_0098	1499	51176	CTNNB1	LEF1	FALSE	1
tri_0099	1499	5308	CTNNB1	PITX2	FALSE	1
tri_0080	1499	10117	CTNNB1	ENAM	FALSE	1
tri_0081	1499	10987	CTNNB1	COPS5	FALSE	1
tri_0086	1499	208	CTNNB1	AKT2	FALSE	1
tri_0088	1499	3159	CTNNB1	HMGA1	FALSE	1
tri_0089	1499	3280	CTNNB1	HES1	FALSE	1
tri_0091	1499	407034	CTNNB1	MIR30E	FALSE	1
tri_0092	1499	429	CTNNB1	ASCL1	FALSE	1
tri_0095	1499	4654	CTNNB1	MYOD1	FALSE	1
tri_0101	1499	5460	CTNNB1	POU5F1	FALSE	1
tri_0109	1499	63973	CTNNB1	NEUROG2	FALSE	1
tri_0115	1499	84667	CTNNB1	HES7	FALSE	1
tri_0118	1499	8856	CTNNB1	NR1I2	FALSE	1
tri_0992	5460	10637	POU5F1	LEFTY1	FALSE	1
tri_0300	2308	1647	FOXO1	GADD45A	FALSE	1
tri_0309	2308	4846	FOXO1	NOS3	FALSE	1
tri_1020	5460	8433	POU5F1	UTF1	FALSE	1
tri_0311	2308	51094	FOXO1	ADIPOR1	FALSE	1
tri_0991	5460	1045	POU5F1	CDX2	FALSE	1
tri_1000	5460	2627	POU5F1	GATA6	FALSE	1
tri_0993	5460	132625	POU5F1	ZFP42	FALSE	1
tri_0303	2308	2309	FOXO1	FOXO3	FALSE	1
tri_0994	5460	174	POU5F1	AFP	FALSE	1
tri_1002	5460	332	POU5F1	BIRC5	FALSE	1
tri_1018	5460	80312	POU5F1	TET1	FALSE	1
tri_1221	6774	17748	STAT3	Mt1	FALSE	1
tri_1247	6774	9021	STAT3	SOCS3	FALSE	1
tri_1234	6774	4277	STAT3	MICB	FALSE	1
tri_1244	6774	7157	STAT3	TP53	FALSE	1
tri_1225	6774	2100	STAT3	ESR2	FALSE	1
tri_1215	6774	1002	STAT3	CDH4	FALSE	1
tri_1230	6774	25937	STAT3	WWTR1	FALSE	1
tri_1231	6774	301	STAT3	ANXA1	FALSE	1
tri_1232	6774	3485	STAT3	IGFBP2	FALSE	1
tri_1240	6774	5925	STAT3	RB1	FALSE	1
tri_1243	6774	6934	STAT3	TCF7L2	FALSE	1
tri_1245	6774	8091	STAT3	HMGA2	FALSE	1
tri_0057	1385	3458	CREB1	IFNG	FALSE	1
tri_0232	1958	7124	EGR1	TNF	FALSE	1
tri_0067	1385	596	CREB1	BCL2	FALSE	1
tri_0052	1385	3062	CREB1	HCRTR2	FALSE	1
tri_0222	1958	3972	EGR1	LHB	FALSE	1
tri_0064	1385	5327	CREB1	PLAT	FALSE	1
tri_0063	1385	5308	CREB1	PITX2	FALSE	1
tri_0042	1385	1588	CREB1	CYP19A1	FALSE	1
tri_0043	1385	2099	CREB1	ESR1	FALSE	1
tri_0055	1385	3309	CREB1	HSPA5	FALSE	1
tri_0059	1385	3939	CREB1	LDHA	FALSE	1
tri_0069	1385	64332	CREB1	NFKBIZ	FALSE	1
tri_0228	1958	664	EGR1	BNIP3	FALSE	1
tri_0216	1958	2056	EGR1	EPO	FALSE	1
tri_0231	1958	7057	EGR1	THBS1	FALSE	1
tri_0060	1385	429	CREB1	ASCL1	FALSE	1
tri_0071	1385	7057	CREB1	THBS1	FALSE	1
tri_0212	1958	1462	EGR1	VCAN	FALSE	1
tri_0213	1958	1463	EGR1	NCAN	FALSE	1
tri_0214	1958	1464	EGR1	CSPG4	FALSE	1
tri_0127	1523	1536	CUX1	CYBB	FALSE	1
tri_0512	3170	57818	FOXA2	G6PC2	FALSE	1
tri_0494	3170	130120	FOXA2	REG3G	FALSE	1
tri_0123	1523	1026	CUX1	CDKN1A	FALSE	1
tri_0125	1523	1053	CUX1	CEBPE	FALSE	1
tri_0128	1523	1667	CUX1	DEFA1	FALSE	1
tri_0137	1523	4082	CUX1	MARCKS	FALSE	1
tri_0129	1523	17118	CUX1	Marcks	FALSE	1
tri_0152	1523	8370	CUX1	HIST2H4A	FALSE	1
tri_1359	7528	1380	YY1	CR2	FALSE	1
tri_1362	7528	1950	YY1	EGF	FALSE	1
tri_0559	3280	5728	HES1	PTEN	FALSE	1
tri_1364	7528	266	YY1	AMELY	FALSE	1
tri_1385	7528	999	YY1	CDH1	FALSE	1
tri_1363	7528	2353	YY1	FOS	FALSE	1
tri_0540	3280	115330	HES1	GPR146	FALSE	1
tri_0541	3280	1277	HES1	COL1A1	FALSE	1
tri_0542	3280	1278	HES1	COL1A2	FALSE	1
tri_0549	3280	2920	HES1	CXCL2	FALSE	1
tri_0550	3280	3280	HES1	HES1	FALSE	1
tri_1375	7528	57823	YY1	SLAMF7	FALSE	1
tri_0950	51176	5308	LEF1	PITX2	FALSE	1
tri_0955	51176	595	LEF1	CCND1	FALSE	1
tri_0936	51176	147409	LEF1	DSG4	FALSE	1
tri_0946	51176	4609	LEF1	MYC	FALSE	1
tri_0736	4609	7019	MYC	TFAM	FALSE	1
tri_0940	51176	22943	LEF1	DKK1	FALSE	1
tri_0962	51176	84667	LEF1	HES7	FALSE	1
tri_0952	51176	55897	LEF1	MESP1	FALSE	1
tri_0949	51176	5017	LEF1	OVOL1	FALSE	1
tri_0930	51176	1026	LEF1	CDKN1A	FALSE	1
tri_0932	51176	1277	LEF1	COL1A1	FALSE	1
tri_0935	51176	145873	LEF1	MESP2	FALSE	1
tri_0938	51176	2248	LEF1	FGF3	FALSE	1
tri_0948	51176	4851	LEF1	NOTCH1	FALSE	1
tri_0957	51176	632	LEF1	BGLAP	FALSE	1
tri_0958	51176	6469	LEF1	SHH	FALSE	1
tri_0959	51176	652	LEF1	BMP4	FALSE	1
tri_0463	3091	2056	HIF1A	EPO	FALSE	1
tri_0474	3091	3939	HIF1A	LDHA	FALSE	1
tri_0485	3091	768	HIF1A	CA9	FALSE	1
tri_0467	3091	26355	HIF1A	FAM162A	FALSE	1
tri_0475	3091	4842	HIF1A	NOS1	FALSE	1
tri_0896	5087	1080	PBX1	CFTR	FALSE	1
tri_0900	5087	2253	PBX1	FGF8	FALSE	1
tri_0903	5087	2516	PBX1	NR5A1	FALSE	1
tri_0906	5087	3211	PBX1	HOXB1	FALSE	1
tri_0916	5087	5087	PBX1	PBX1	FALSE	1
tri_0898	5087	1482	PBX1	NKX2-5	FALSE	1
tri_0902	5087	249	PBX1	ALPL	FALSE	1
tri_0907	5087	3217	PBX1	HOXB7	FALSE	1
tri_0908	5087	3381	PBX1	IBSP	FALSE	1
tri_0909	5087	3480	PBX1	IGF1R	FALSE	1
tri_0910	5087	3485	PBX1	IGFBP2	FALSE	1
tri_0919	5087	632	PBX1	BGLAP	FALSE	1
tri_0923	5087	7431	PBX1	VIM	FALSE	1
tri_0927	5087	9965	PBX1	FGF19	FALSE	1
tri_1169	6662	6591	SOX9	SNAI2	FALSE	1
tri_1157	6662	3651	SOX9	PDX1	FALSE	1
tri_1167	6662	6442	SOX9	SGCA	FALSE	1
tri_1150	6662	10804	SOX9	GJB6	FALSE	1
tri_1155	6662	2353	SOX9	FOS	FALSE	1
tri_1162	6662	51176	SOX9	LEF1	FALSE	1
tri_1164	6662	5308	SOX9	PITX2	FALSE	1
tri_1165	6662	5549	SOX9	PRELP	FALSE	1
tri_1166	6662	57057	SOX9	TBX20	FALSE	1
tri_1168	6662	648	SOX9	BMI1	FALSE	1
tri_1170	6662	6659	SOX9	SOX4	FALSE	1
tri_1171	6662	696	SOX9	BTN1A1	FALSE	1
tri_1172	6662	7291	SOX9	TWIST1	FALSE	1
tri_1175	6662	8553	SOX9	BHLHE40	FALSE	1
tri_1177	6662	9464	SOX9	HAND2	FALSE	1
tri_1305	6934	5329	TCF7L2	PLAUR	FALSE	1
tri_1321	6934	8817	TCF7L2	FGF18	FALSE	1
tri_1319	6934	7431	TCF7L2	VIM	FALSE	1
tri_1304	6934	5243	TCF7L2	ABCB1	FALSE	1
tri_1293	6934	10987	TCF7L2	COPS5	FALSE	1
tri_1294	6934	113220	TCF7L2	KIF12	FALSE	1
tri_1296	6934	1490	TCF7L2	CCN2	FALSE	1
tri_1297	6934	1869	TCF7L2	E2F1	FALSE	1
tri_1301	6934	3159	TCF7L2	HMGA1	FALSE	1
tri_1308	6934	56992	TCF7L2	KIF15	FALSE	1
tri_1309	6934	595	TCF7L2	CCND1	FALSE	1
tri_1312	6934	6387	TCF7L2	CXCL12	FALSE	1
tri_1313	6934	64151	TCF7L2	NCAPG	FALSE	1
tri_1314	6934	6660	TCF7L2	SOX5	FALSE	1
tri_1317	6934	6932	TCF7L2	TCF7	FALSE	1
tri_0654	4208	3725	MEF2C	JUN	FALSE	1
tri_0665	4208	632	MEF2C	BGLAP	FALSE	1
tri_0643	4208	1158	MEF2C	CKM	FALSE	1
tri_0650	4208	2487	MEF2C	FRZB	FALSE	1
tri_0656	4208	4656	MEF2C	MYOG	FALSE	1
tri_0659	4208	51778	MEF2C	MYOZ2	FALSE	1
tri_0663	4208	5995	MEF2C	RGR	FALSE	1
tri_0664	4208	6010	MEF2C	RHO	FALSE	1
tri_0666	4208	6423	MEF2C	SFRP2	FALSE	1
tri_0644	4208	121340	MEF2C	SP7	FALSE	1
tri_0641	4208	10891	MEF2C	PPARGC1A	FALSE	1
tri_0645	4208	1280	MEF2C	COL2A1	FALSE	1
tri_0652	4208	3381	MEF2C	IBSP	FALSE	1
tri_0658	4208	51176	MEF2C	LEF1	FALSE	1
tri_0661	4208	5745	MEF2C	PTH1R	FALSE	1
tri_0662	4208	5956	MEF2C	OPN1LW	FALSE	1
tri_0667	4208	6442	MEF2C	SGCA	FALSE	1
tri_0668	4208	6517	MEF2C	SLC2A4	FALSE	1
tri_0241	196	1544	AHR	CYP1A2	FALSE	1
tri_0242	196	1545	AHR	CYP1B1	FALSE	1
tri_0253	196	54578	AHR	UGT1A6	FALSE	1
tri_0244	196	17750	AHR	Mt2	FALSE	1
tri_0254	196	54658	AHR	UGT1A1	FALSE	1
tri_0245	196	2069	AHR	EREG	FALSE	1
tri_0246	196	20887	AHR	Sult1a1	FALSE	1
tri_0243	196	17748	AHR	Mt1	FALSE	1
tri_0380	2624	3062	GATA2	HCRTR2	FALSE	1
tri_0384	2624	4609	GATA2	MYC	FALSE	1
tri_0379	2624	2623	GATA2	GATA1	FALSE	1
tri_0374	2624	1557	GATA2	CYP2C19	FALSE	1
tri_0375	2624	1559	GATA2	CYP2C9	FALSE	1
tri_0383	2624	4277	GATA2	MICB	FALSE	1
tri_0685	429	22943	ASCL1	DKK1	FALSE	1
tri_0692	429	388585	ASCL1	HES5	FALSE	1
tri_0694	429	401	ASCL1	PHOX2A	FALSE	1
tri_0683	429	1749	ASCL1	DLX5	FALSE	1
tri_0686	429	2571	ASCL1	GAD1	FALSE	1
tri_0689	429	3280	ASCL1	HES1	FALSE	1
tri_0691	429	3714	ASCL1	JAG2	FALSE	1
tri_0699	429	55502	ASCL1	HES6	FALSE	1
tri_0701	429	596	ASCL1	BCL2	FALSE	1
tri_0702	429	5979	ASCL1	RET	FALSE	1
tri_0703	429	7832	ASCL1	BTG2	FALSE	1
tri_0704	429	8313	ASCL1	AXIN2	FALSE	1
tri_0407	2735	3170	GLI1	FOXA2	FALSE	1
tri_0419	2735	860	GLI1	RUNX2	FALSE	1
tri_0420	2735	864	GLI1	RUNX3	FALSE	1
tri_0405	2735	2735	GLI1	GLI1	FALSE	1
tri_0329	23314	1000	SATB2	CDH2	FALSE	1
tri_0330	23314	100133941	SATB2	CD24	FALSE	1
tri_0335	23314	51176	SATB2	LEF1	FALSE	1
tri_0336	23314	5460	SATB2	POU5F1	FALSE	1
tri_0341	23314	6591	SATB2	SNAI2	FALSE	1
tri_0342	23314	6615	SATB2	SNAI1	FALSE	1
tri_0343	23314	6935	SATB2	ZEB1	FALSE	1
tri_0348	23314	999	SATB2	CDH1	FALSE	1
tri_1043	5978	121278	REST	TPH2	FALSE	1
tri_1044	5978	18040	REST	Nefm	FALSE	1
tri_1051	5978	4744	REST	NEFH	FALSE	1
tri_1052	5978	4916	REST	NTRK3	FALSE	1
tri_1058	5978	9118	REST	INA	FALSE	1
tri_0627	4094	3695	MAF	ITGB7	FALSE	1
tri_0625	4094	3651	MAF	PDX1	FALSE	1
tri_0618	4094	1230	MAF	CCR1	FALSE	1
tri_0624	4094	3630	MAF	INS	FALSE	1
tri_0626	4094	3662	MAF	IRF4	FALSE	1
tri_0629	4094	57818	MAF	G6PC2	FALSE	1
tri_0169	1749	3381	DLX5	IBSP	FALSE	1
tri_0445	2737	6608	GLI3	SMO	FALSE	1
tri_0433	2737	10531	GLI3	PITRM1	FALSE	1
tri_0444	2737	6469	GLI3	SHH	FALSE	1
tri_0165	1749	161291	DLX5	TMEM30B	FALSE	1
tri_0166	1749	168667	DLX5	BMPER	FALSE	1
tri_0171	1749	5455	DLX5	POU3F3	FALSE	1
tri_0432	2737	1031	GLI3	CDKN2C	FALSE	1
tri_0437	2737	29850	GLI3	TRPM5	FALSE	1
tri_0438	2737	3092	GLI3	HIP1	FALSE	1
tri_0439	2737	346562	GLI3	GNAT3	FALSE	1
tri_0435	2737	17329	GLI3	Cxcl9	FALSE	1
tri_0440	2737	4843	GLI3	NOS2	FALSE	1
tri_0441	2737	5727	GLI3	PTCH1	FALSE	1
tri_0442	2737	5947	GLI3	RBP1	FALSE	1
tri_0443	2737	595	GLI3	CCND1	FALSE	1
tri_0448	2737	83756	GLI3	TAS1R3	FALSE	1
tri_0450	2737	9464	GLI3	HAND2	FALSE	1
tri_0451	2737	9630	GLI3	GNA14	FALSE	1
tri_0829	5079	930	PAX5	CD19	FALSE	1
tri_1278	6929	111507	TCF3	Igh	FALSE	1
tri_0819	5079	1380	PAX5	CR2	FALSE	1
tri_0822	5079	2208	PAX5	FCER2	FALSE	1
tri_1279	6929	2208	TCF3	FCER2	FALSE	1
tri_1465	9355	1081	LHX2	CGA	FALSE	1
tri_0825	5079	57379	PAX5	AICDA	FALSE	1
tri_0818	5079	111507	PAX5	Igh	FALSE	1
tri_1280	6929	2308	TCF3	FOXO1	FALSE	1
tri_1282	6929	3642	TCF3	INSM1	FALSE	1
tri_0823	5079	2224	PAX5	FDPS	FALSE	1
tri_1277	6929	10637	TCF3	LEFTY1	FALSE	1
tri_1283	6929	5452	TCF3	POU2F2	FALSE	1
tri_1466	9355	127385	LHX2	OR10J5	FALSE	1
tri_1467	9355	143502	LHX2	OR52I2	FALSE	1
tri_1479	9355	8590	LHX2	OR6A2	FALSE	1
tri_1469	9355	258592	LHX2	Olfr697	FALSE	1
tri_1470	9355	258915	LHX2	Olfr1348	FALSE	1
tri_1471	9355	258926	LHX2	Olfr476	FALSE	1
tri_1472	9355	259072	LHX2	Olfr686	FALSE	1
tri_1342	7080	7849	NKX2-1	PAX8	FALSE	1
tri_1346	7080	9232	NKX2-1	PTTG1	FALSE	1
tri_1195	6722	1958	SRF	EGR1	FALSE	1
tri_1206	6722	70	SRF	ACTC1	FALSE	1
tri_1205	6722	6876	SRF	TAGLN	FALSE	1
tri_1202	6722	4638	SRF	MYLK	FALSE	1
tri_1203	6722	4654	SRF	MYOD1	FALSE	1
tri_1196	6722	1960	SRF	EGR3	FALSE	1
tri_1198	6722	286	SRF	ANK1	FALSE	1
tri_1199	6722	3491	SRF	CCN1	FALSE	1
tri_1207	6722	80149	SRF	ZC3H12A	FALSE	1
tri_0759	4760	20287	NEUROD1	Sct	FALSE	1
tri_0761	4760	3630	NEUROD1	INS	FALSE	1
tri_0763	4760	3651	NEUROD1	PDX1	FALSE	1
tri_0764	4760	389692	NEUROD1	MAFA	FALSE	1
tri_1078	63973	8153	NEUROG2	RND2	FALSE	1
tri_1072	63973	3714	NEUROG2	JAG2	FALSE	1
tri_1077	63973	7832	NEUROG2	BTG2	FALSE	1
tri_1178	6667	10987	SP1	COPS5	FALSE	1
tri_1181	6667	3087	SP1	HHEX	FALSE	1
tri_0808	4851	388585	NOTCH1	HES5	FALSE	1
tri_0805	4851	23462	NOTCH1	HEY1	FALSE	1
tri_0806	4851	23493	NOTCH1	HEY2	FALSE	1
tri_0010	10215	23779	OLIG2	ARHGAP8	FALSE	1
tri_0012	10215	5292	OLIG2	PIM1	FALSE	1
tri_0013	10215	55143	OLIG2	CDCA8	FALSE	1
tri_0015	10215	6790	OLIG2	AURKA	FALSE	1
tri_0016	10215	891	OLIG2	CCNB1	FALSE	1
tri_0017	10215	991	OLIG2	CDC20	FALSE	1
tri_0018	10215	995	OLIG2	CDC25C	FALSE	1
tri_0809	4851	632	NOTCH1	BGLAP	FALSE	1
tri_0810	4851	84667	NOTCH1	HES7	FALSE	1
tri_0428	2736	5727	GLI2	PTCH1	FALSE	1
tri_0422	2736	2735	GLI2	GLI1	FALSE	1
tri_0423	2736	3092	GLI2	HIP1	FALSE	1
tri_1260	6886	4005	TAL1	LMO2	FALSE	1
tri_1257	6886	10158	TAL1	PDZK1IP1	FALSE	1
tri_1258	6886	14934	TAL1	Gypa	FALSE	1
tri_1261	6886	4208	TAL1	MEF2C	FALSE	1
tri_0393	2626	3087	GATA4	HHEX	FALSE	1
tri_0390	2626	1482	GATA4	NKX2-5	FALSE	1
tri_0787	4790	3659	NFKB1	IRF1	FALSE	1
tri_0788	4790	4843	NFKB1	NOS2	FALSE	1
tri_0790	4790	58529	NFKB1	MYOZ1	FALSE	1
tri_0782	4780	3586	NFE2L2	IL10	FALSE	1
tri_0747	4654	1674	MYOD1	DES	FALSE	1
tri_0746	4654	10891	MYOD1	PPARGC1A	FALSE	1
tri_0781	4780	3557	NFE2L2	IL1RN	FALSE	1
tri_1405	860	249	RUNX2	ALPL	FALSE	1
tri_0748	4654	283120	MYOD1	H19	FALSE	1
tri_0749	4654	286	MYOD1	ANK1	FALSE	1
tri_1089	64919	6591	BCL11B	SNAI2	FALSE	1
tri_1090	64919	6615	BCL11B	SNAI1	FALSE	1
tri_1091	64919	7039	BCL11B	TGFA	FALSE	1
tri_1092	64919	7040	BCL11B	TGFB1	FALSE	1
tri_1093	64919	7042	BCL11B	TGFB2	FALSE	1
tri_0592	389549	5015	FEZF1	OTX2	FALSE	1
tri_0593	389549	5080	FEZF1	PAX6	FALSE	1
tri_0594	389549	5460	FEZF1	POU5F1	FALSE	1
tri_0596	389549	6657	FEZF1	SOX2	FALSE	1
tri_0597	389549	79923	FEZF1	NANOG	FALSE	1
tri_1032	57167	6657	SALL4	SOX2	FALSE	1
tri_0585	3725	3596	JUN	IL13	FALSE	1
tri_0677	4211	5080	MEIS1	PAX6	FALSE	1
tri_0985	5451	3062	POU2F1	HCRTR2	FALSE	1
tri_0983	5451	1380	POU2F1	CR2	FALSE	1
tri_1489	9575	5187	CLOCK	PER1	FALSE	1
tri_0354	23411	7352	SIRT1	UCP3	FALSE	1
tri_0982	5451	132625	POU2F1	ZFP42	FALSE	1
tri_0358	2516	4158	NR5A1	MC2R	FALSE	1
tri_1212	6772	4843	STAT1	NOS2	FALSE	1
tri_1210	6772	183	STAT1	AGT	FALSE	1
tri_1209	6772	17748	STAT1	Mt1	FALSE	1
tri_1213	6772	8651	STAT1	SOCS1	FALSE	1
tri_0361	2516	6770	NR5A1	STAR	FALSE	1
tri_1482	93649	59	MYOCD	ACTA2	FALSE	1
tri_1214	6772	948	STAT1	CD36	FALSE	1
tri_0968	5316	2194	PKNOX1	FASN	FALSE	1
tri_0969	5316	2516	PKNOX1	NR5A1	FALSE	1
tri_1187	6670	3087	SP3	HHEX	FALSE	1
tri_1208	6772	115330	STAT1	GPR146	FALSE	1
tri_1211	6772	18991	STAT1	Pou3f1	FALSE	1
tri_1480	93649	1264	MYOCD	CNN1	FALSE	1
tri_1483	93649	6442	MYOCD	SGCA	FALSE	1
tri_0002	10042	1264	HMGXB4	CNN1	FALSE	1
tri_1395	83439	4613	TCF7L1	MYCN	FALSE	1
tri_1400	8405	121340	SPOP	SP7	FALSE	1
tri_1401	8405	1277	SPOP	COL1A1	FALSE	1
tri_1402	8405	2737	SPOP	GLI3	FALSE	1
tri_1403	8405	5727	SPOP	PTCH1	FALSE	1
tri_1404	8405	5744	SPOP	PTHLH	FALSE	1
tri_0570	3516	2208	RBPJ	FCER2	FALSE	1
tri_1388	7704	51176	ZBTB16	LEF1	FALSE	1
tri_0707	4488	22943	MSX2	DKK1	FALSE	1
tri_0267	2033	121340	EP300	SP7	FALSE	1
tri_0524	3171	1013	FOXA3	CDH15	FALSE	1
tri_0526	3171	1149	FOXA3	CIDEA	FALSE	1
tri_0527	3171	7350	FOXA3	UCP1	FALSE	1
tri_0528	3171	84701	FOXA3	COX4I2	FALSE	1
tri_1189	6688	1879	SPI1	EBF1	FALSE	1
tri_0022	1045	1080	CDX2	CFTR	FALSE	1
tri_1101	6591	999	SNAI2	CDH1	FALSE	1
tri_0600	389692	57818	MAFA	G6PC2	FALSE	1
tri_0575	3642	5080	INSM1	PAX6	FALSE	1
tri_1059	6045	4211	RNF2	MEIS1	FALSE	1
tri_1085	6469	595	SHH	CCND1	FALSE	1
tri_0576	3651	3630	PDX1	INS	FALSE	1
tri_0681	4212	5080	MEIS2	PAX6	FALSE	1
tri_0609	406	8553	ARNTL	BHLHE40	FALSE	1
tri_0280	2113	1879	ETS1	EBF1	FALSE	1
tri_0019	10413	55553	YAP1	SOX6	FALSE	1
tri_0020	10413	6660	YAP1	SOX5	FALSE	1
tri_0349	2332	2250	FMR1	FGF5	FALSE	1
tri_0350	2332	2253	FMR1	FGF8	FALSE	1
tri_0351	2332	429	FMR1	ASCL1	FALSE	1
tri_0352	2332	4915	FMR1	NTRK2	FALSE	1
tri_0577	3651	57818	PDX1	G6PC2	FALSE	1
tri_0608	406	25819	ARNTL	NOCT	FALSE	1
tri_0739	4613	4208	MYCN	MEF2C	FALSE	1
tri_0740	4613	429	MYCN	ASCL1	FALSE	1
tri_1035	57591	286	MRTFA	ANK1	FALSE	1
tri_1392	8320	5080	EOMES	PAX6	FALSE	1
tri_0029	1050	266	CEBPA	AMELY	FALSE	1
tri_0802	4825	389692	NKX6-1	MAFA	FALSE	1
tri_0811	4853	3280	NOTCH2	HES1	FALSE	1
tri_0603	401	4684	PHOX2A	NCAM1	FALSE	1
tri_0287	2138	8828	EYA1	NRP2	FALSE	1
tri_0288	2138	8829	EYA1	NRP1	FALSE	1
tri_0364	25937	55553	WWTR1	SOX6	FALSE	1
tri_0365	25937	6660	WWTR1	SOX5	FALSE	1
tri_0366	25937	6662	WWTR1	SOX9	FALSE	1
tri_0452	283120	1045	H19	CDX2	FALSE	1
tri_0453	283120	3481	H19	IGF2	FALSE	1
tri_1452	8626	58801	TP63	Pmaip1	FALSE	1
tri_0638	4205	3586	MEF2A	IL10	FALSE	1
tri_0774	4775	1380	NFATC3	CR2	FALSE	1
tri_0791	4791	1380	NFKB2	CR2	FALSE	1
tri_0792	4791	2208	NFKB2	FCER2	FALSE	1
tri_0775	4775	2208	NFATC3	FCER2	FALSE	1
tri_0742	4617	1674	MYF5	DES	FALSE	1
tri_0743	4617	4656	MYF5	MYOG	FALSE	1
tri_0752	4656	1674	MYOG	DES	FALSE	1
tri_0777	4776	58529	NFATC4	MYOZ1	FALSE	1
tri_0776	4776	51778	NFATC4	MYOZ2	FALSE	1
tri_0601	3934	51310	LCN2	SLC22A17	FALSE	1
tri_0753	4656	6442	MYOG	SGCA	FALSE	1
tri_0800	4821	3630	NKX2-2	INS	FALSE	1
tri_0965	5176	3280	SERPINF1	HES1	FALSE	1
tri_0966	5176	388585	SERPINF1	HES5	FALSE	1
tri_1024	55366	2099	LGR4	ESR1	FALSE	1
tri_1025	55366	367	LGR4	AR	FALSE	1
tri_1037	57801	1026	HES4	CDKN1A	FALSE	1
tri_1038	57801	429	HES4	ASCL1	FALSE	1
tri_1096	650	51176	BMP2	LEF1	FALSE	1
tri_1097	650	860	BMP2	RUNX2	FALSE	1
tri_0580	3662	3565	IRF4	IL4	FALSE	1
tri_1275	6927	1080	HNF1A	CFTR	FALSE	1
tri_0290	21674	6662	Sry	SOX9	FALSE	1
tri_0614	4087	999	SMAD2	CDH1	FALSE	1
tri_0706	4487	22943	MSX1	DKK1	FALSE	1
tri_0813	4854	3280	NOTCH3	HES1	FALSE	1
tri_0536	328	640	APEX1	BLK	FALSE	1
tri_0291	221895	4208	JAZF1	MEF2C	FALSE	1
tri_0744	4618	1674	MYF6	DES	FALSE	1
tri_1458	90780	5080	PYGO2	PAX6	FALSE	1
tri_1454	864	51310	RUNX3	SLC22A17	FALSE	1
tri_1265	6911	84667	TBX6	HES7	FALSE	1
tri_0001	1003	7122	CDH5	CLDN5	FALSE	1
tri_0076	1387	3972	CREBBP	LHB	FALSE	1
tri_0078	1436	861	CSF1R	RUNX1	FALSE	1
tri_0079	1482	6442	NKX2-5	SGCA	FALSE	1
tri_0208	1871	472	E2F3	ATM	FALSE	1
tri_0285	2130	5460	EWSR1	POU5F1	FALSE	1
tri_0355	23462	1028	HEY1	CDKN1C	FALSE	1
tri_0569	348	10042	APOE	HMGXB4	FALSE	1
tri_0579	3661	115330	IRF3	GPR146	FALSE	1
tri_0606	405	7001	ARNT	PRDX2	FALSE	1
tri_0674	4209	10891	MEF2D	PPARGC1A	FALSE	1
tri_0979	5347	6774	PLK1	STAT3	FALSE	1
tri_1062	6121	4208	RPE65	MEF2C	FALSE	1
tri_1063	6299	5460	SALL1	POU5F1	FALSE	1
tri_1064	6304	4094	SATB1	MAF	FALSE	1
tri_1104	6604	6442	SMARCD3	SGCA	FALSE	1
tri_1105	6608	2735	SMO	GLI1	FALSE	1
tri_1323	6938	10637	TCF12	LEFTY1	FALSE	1
tri_1333	7040	860	TGFB1	RUNX2	FALSE	1
tri_1347	7091	1027	TLE4	CDKN1B	FALSE	1
tri_1355	7391	57818	USF1	G6PC2	FALSE	1
tri_1457	89780	51176	WNT3A	LEF1	FALSE	1
tri_1485	9464	2737	HAND2	GLI3	FALSE	1
tri_1493	9794	3280	MAML1	HES1	FALSE	1
