Entrez_ID	N_Target	Is_TF	Neurodev_TF	name
5080	67	TRUE	TRUE	PAX6
6657	56	TRUE	TRUE	SOX2
861	45	TRUE	TRUE	RUNX1
1869	37	TRUE	TRUE	E2F1
1499	47	TRUE	TRUE	CTNNB1
2308	40	TRUE	FALSE	FOXO1
5460	40	TRUE	FALSE	POU5F1
6774	33	TRUE	TRUE	STAT3
1385	36	TRUE	TRUE	CREB1
1958	35	TRUE	FALSE	EGR1
3170	33	TRUE	TRUE	FOXA2
1523	59	TRUE	TRUE	CUX1
7528	31	TRUE	FALSE	YY1
3280	37	TRUE	TRUE	HES1
51176	36	TRUE	TRUE	LEF1
4609	34	TRUE	TRUE	MYC
3091	34	TRUE	TRUE	HIF1A
5087	37	TRUE	TRUE	PBX1
6662	33	TRUE	TRUE	SOX9
6934	35	TRUE	TRUE	TCF7L2
4208	36	TRUE	TRUE	MEF2C
196	24	TRUE	FALSE	AHR
2624	19	TRUE	TRUE	GATA2
429	24	TRUE	TRUE	ASCL1
2735	19	TRUE	TRUE	GLI1
23314	21	TRUE	TRUE	SATB2
5978	19	TRUE	FALSE	REST
4094	14	TRUE	FALSE	MAF
1749	11	TRUE	TRUE	DLX5
2737	21	TRUE	TRUE	GLI3
5079	14	TRUE	TRUE	PAX5
6929	16	TRUE	FALSE	TCF3
9355	15	TRUE	TRUE	LHX2
7080	13	TRUE	TRUE	NKX2-1
6722	14	TRUE	TRUE	SRF
4760	13	TRUE	TRUE	NEUROD1
63973	16	TRUE	TRUE	NEUROG2
6667	8	TRUE	FALSE	SP1
5970	4	TRUE	FALSE	RELA
4851	11	TRUE	TRUE	NOTCH1
10215	13	TRUE	TRUE	OLIG2
2736	11	TRUE	TRUE	GLI2
6925	10	TRUE	TRUE	TCF4
4204	8	TRUE	TRUE	MECP2
6886	10	TRUE	TRUE	TAL1
1961	5	TRUE	FALSE	EGR4
2626	9	TRUE	FALSE	GATA4
4800	2	TRUE	FALSE	NFYA
2623	6	TRUE	FALSE	GATA1
4790	5	TRUE	FALSE	NFKB1
3239	8	TRUE	FALSE	HOXD13
4780	7	TRUE	FALSE	NFE2L2
860	5	TRUE	FALSE	RUNX2
4654	8	TRUE	FALSE	MYOD1
53335	7	TRUE	TRUE	BCL11A
64919	8	TRUE	TRUE	BCL11B
389549	7	TRUE	TRUE	FEZF1
57167	6	TRUE	FALSE	SALL4
9314	4	TRUE	FALSE	KLF4
3297	1	TRUE	FALSE	HSF1
7026	6	TRUE	TRUE	NR2F2
2078	6	TRUE	TRUE	ERG
7020	3	TRUE	TRUE	TFAP2A
3725	4	TRUE	FALSE	JUN
4211	6	TRUE	FALSE	MEIS1
468	5	TRUE	FALSE	ATF4
1745	2	TRUE	TRUE	DLX1
5451	5	TRUE	FALSE	POU2F1
6776	4	TRUE	FALSE	STAT5A
9575	5	TRUE	FALSE	CLOCK
23411	3	TRUE	FALSE	SIRT1
2516	5	TRUE	FALSE	NR5A1
6772	7	TRUE	FALSE	STAT1
10538	3	TRUE	FALSE	BATF
9988	4	TRUE	FALSE	DMTF1
4801	1	TRUE	FALSE	NFYB
4802	1	TRUE	FALSE	NFYC
10716	2	TRUE	TRUE	TBR1
93649	5	TRUE	FALSE	MYOCD
5077	2	TRUE	TRUE	PAX3
6670	3	TRUE	FALSE	SP3
3020	1	TRUE	FALSE	H3F3A
3021	1	TRUE	FALSE	H3F3B
5316	4	TRUE	FALSE	PKNOX1
4086	3	TRUE	TRUE	SMAD1
6777	3	TRUE	FALSE	STAT5B
2627	3	TRUE	FALSE	GATA6
9112	2	TRUE	FALSE	MTA1
83741	2	TRUE	TRUE	TFAP2D
10042	4	TRUE	FALSE	HMGXB4
10472	4	TRUE	TRUE	ZBTB18
2034	2	TRUE	FALSE	EPAS1
83439	4	TRUE	FALSE	TCF7L1
8405	5	TRUE	FALSE	SPOP
4488	2	TRUE	FALSE	MSX2
3169	2	TRUE	FALSE	FOXA1
4089	2	TRUE	TRUE	SMAD4
3516	3	TRUE	TRUE	RBPJ
6688	3	TRUE	FALSE	SPI1
7101	5	TRUE	TRUE	NR2E1
7704	3	TRUE	TRUE	ZBTB16
1746	2	TRUE	TRUE	DLX2
2033	3	TRUE	TRUE	EP300
2290	3	TRUE	TRUE	FOXG1
3171	5	TRUE	FALSE	FOXA3
1045	2	TRUE	FALSE	CDX2
3670	2	TRUE	TRUE	ISL1
6045	3	TRUE	FALSE	RNF2
2002	2	TRUE	FALSE	ELK1
6591	2	TRUE	FALSE	SNAI2
4602	2	TRUE	FALSE	MYB
3642	3	TRUE	FALSE	INSM1
389692	3	TRUE	FALSE	MAFA
10524	2	TRUE	FALSE	KAT5
388585	2	TRUE	TRUE	HES5
6469	4	TRUE	TRUE	SHH
6502	2	TRUE	FALSE	SKP2
9603	2	TRUE	TRUE	NFE2L3
3651	3	TRUE	TRUE	PDX1
27086	2	TRUE	TRUE	FOXP1
4212	2	TRUE	TRUE	MEIS2
8929	2	TRUE	TRUE	PHOX2B
406	3	TRUE	FALSE	ARNTL
2146	1	TRUE	TRUE	EZH2
8320	2	TRUE	TRUE	EOMES
2113	2	TRUE	TRUE	ETS1
10413	3	TRUE	FALSE	YAP1
2118	2	TRUE	FALSE	ETV4
2332	4	TRUE	TRUE	FMR1
4613	3	TRUE	FALSE	MYCN
4774	1	TRUE	TRUE	NFIA
5437	1	TRUE	FALSE	POLR2H
57591	3	TRUE	TRUE	MRTFA
6598	2	TRUE	FALSE	SMARCB1
9572	1	TRUE	TRUE	NR1D1
121643	2	TRUE	TRUE	FOXN4
1649	1	TRUE	FALSE	DDIT3
2099	1	TRUE	FALSE	ESR1
6615	1	TRUE	FALSE	SNAI1
7227	1	TRUE	FALSE	TRPS1
6496	1	TRUE	TRUE	SIX3
1050	2	TRUE	FALSE	CEBPA
4692	1	TRUE	TRUE	NDN
4825	2	TRUE	TRUE	NKX6-1
4853	2	TRUE	FALSE	NOTCH2
5076	1	TRUE	TRUE	PAX2
401	2	TRUE	TRUE	PHOX2A
5308	1	TRUE	TRUE	PITX2
139741	1	TRUE	FALSE	ACTRT1
2138	3	TRUE	FALSE	EYA1
23468	1	TRUE	FALSE	CBX5
25937	3	TRUE	FALSE	WWTR1
283120	2	TRUE	FALSE	H19
3298	1	TRUE	FALSE	HSF2
4784	1	TRUE	TRUE	NFIX
57178	1	TRUE	FALSE	ZMIZ1
64207	1	TRUE	TRUE	IRF2BPL
6778	1	TRUE	FALSE	STAT6
7291	1	TRUE	FALSE	TWIST1
79977	1	TRUE	TRUE	GRHL2
8626	2	TRUE	FALSE	TP63
9232	1	TRUE	FALSE	PTTG1
4205	2	TRUE	FALSE	MEF2A
121340	1	TRUE	FALSE	SP7
55553	1	TRUE	TRUE	SOX6
4775	2	TRUE	FALSE	NFATC3
4791	2	TRUE	FALSE	NFKB2
5468	1	TRUE	FALSE	PPARG
6720	1	TRUE	FALSE	SREBF1
30812	1	TRUE	TRUE	SOX8
3195	1	TRUE	TRUE	TLX1
8328	1	TRUE	FALSE	GFI1B
5449	1	TRUE	TRUE	POU1F1
1386	1	TRUE	FALSE	ATF2
1874	1	TRUE	FALSE	E2F4
2103	1	TRUE	TRUE	ESRRB
4617	2	TRUE	FALSE	MYF5
4656	2	TRUE	FALSE	MYOG
4776	2	TRUE	FALSE	NFATC4
6495	1	TRUE	TRUE	SIX1
1051	1	TRUE	FALSE	CEBPB
1108	1	TRUE	FALSE	CHD4
183	2	TRUE	TRUE	AGT
2115	1	TRUE	FALSE	ETV1
2354	1	TRUE	FALSE	FOSB
25920	1	TRUE	FALSE	NELFB
3196	1	TRUE	FALSE	TLX2
3211	1	TRUE	TRUE	HOXB1
3398	1	TRUE	TRUE	ID2
347689	1	TRUE	FALSE	SOX2-OT
367	1	TRUE	TRUE	AR
3727	1	TRUE	FALSE	JUND
3934	1	TRUE	FALSE	LCN2
3975	1	TRUE	TRUE	LHX1
4010	1	TRUE	TRUE	LMX1B
4066	1	TRUE	FALSE	LYL1
4297	1	TRUE	TRUE	KMT2A
4821	1	TRUE	TRUE	NKX2-2
5176	2	TRUE	FALSE	SERPINF1
5454	1	TRUE	TRUE	POU3F2
55079	1	TRUE	TRUE	FEZF2
55366	2	TRUE	FALSE	LGR4
56938	1	TRUE	FALSE	ARNTL2
57801	2	TRUE	FALSE	HES4
650	2	TRUE	TRUE	BMP2
6660	1	TRUE	TRUE	SOX5
6721	1	TRUE	FALSE	SREBF2
6932	1	TRUE	FALSE	TCF7
8022	1	TRUE	TRUE	LHX3
9965	2	TRUE	FALSE	FGF19
3662	1	TRUE	FALSE	IRF4
6927	1	TRUE	FALSE	HNF1A
5015	1	TRUE	TRUE	OTX2
21674	1	TRUE	TRUE	Sry
4087	1	TRUE	FALSE	SMAD2
4487	1	TRUE	TRUE	MSX1
4854	1	TRUE	TRUE	NOTCH3
328	1	TRUE	FALSE	APEX1
221895	1	TRUE	FALSE	JAZF1
4618	1	TRUE	FALSE	MYF6
90780	1	TRUE	TRUE	PYGO2
864	1	TRUE	FALSE	RUNX3
6911	1	TRUE	FALSE	TBX6
1003	1	TRUE	FALSE	CDH5
1387	1	TRUE	TRUE	CREBBP
1436	1	TRUE	TRUE	CSF1R
1482	1	TRUE	FALSE	NKX2-5
1871	1	TRUE	FALSE	E2F3
2130	1	TRUE	FALSE	EWSR1
23186	1	TRUE	FALSE	RCOR1
23462	1	TRUE	FALSE	HEY1
340260	1	TRUE	TRUE	UNCX
348	1	TRUE	FALSE	APOE
3661	1	TRUE	FALSE	IRF3
405	1	TRUE	FALSE	ARNT
4209	1	TRUE	FALSE	MEF2D
4762	1	TRUE	FALSE	NEUROG1
5347	1	TRUE	FALSE	PLK1
6121	1	TRUE	FALSE	RPE65
6299	1	TRUE	TRUE	SALL1
6304	1	TRUE	FALSE	SATB1
655	1	TRUE	TRUE	BMP7
6604	1	TRUE	FALSE	SMARCD3
6608	1	TRUE	TRUE	SMO
6938	1	TRUE	FALSE	TCF12
7040	1	TRUE	TRUE	TGFB1
7091	1	TRUE	FALSE	TLE4
7391	1	TRUE	FALSE	USF1
89780	1	TRUE	TRUE	WNT3A
9464	1	TRUE	FALSE	HAND2
9794	1	TRUE	FALSE	MAML1
21808	NA	NA	NA	Tgfb2
229759	NA	NA	NA	Olfm3
18508	NA	NA	NA	Pax6
20674	NA	NA	NA	Sox2
18609	NA	NA	NA	Pdx1
23937	NA	NA	NA	Mab21l2
2695	NA	NA	NA	GIP
50913	NA	NA	NA	Olig2
14526	NA	NA	NA	Gcg
3859	NA	NA	NA	KRT12
4233	NA	NA	NA	MET
18548	NA	NA	NA	Pcsk1
19130	NA	NA	NA	Prox1
20473	NA	NA	NA	Six3
218	NA	NA	NA	ALDH3A1
11670	NA	NA	NA	Aldh3a1
220202	NA	NA	NA	ATOH7
53404	NA	NA	NA	Atoh7
77578	NA	NA	NA	Bcl9
80288	NA	NA	NA	Bcl9l
12571	NA	NA	NA	Cdk6
12576	NA	NA	NA	Cdkn1b
12954	NA	NA	NA	Cryaa
12955	NA	NA	NA	Cryab
27122	NA	NA	NA	DKK3
50781	NA	NA	NA	Dkk3
14170	NA	NA	NA	Fgf15
14378	NA	NA	NA	G6pc2
103988	NA	NA	NA	Gck
15436	NA	NA	NA	Hoxd4
17132	NA	NA	NA	Maf
378435	NA	NA	NA	Mafa
17395	NA	NA	NA	Mmp9
11924	NA	NA	NA	Neurog2
18286	NA	NA	NA	Odf2
18504	NA	NA	NA	Pax2
19771	NA	NA	NA	Rlbp1
74499	NA	NA	NA	Sost
10218	NA	NA	NA	ANGPTL7
12575	NA	NA	NA	Cdkn1a
12577	NA	NA	NA	Cdkn1c
12578	NA	NA	NA	Cdkn2a
12581	NA	NA	NA	Cdkn2d
54141	NA	NA	NA	Spag5
114793	NA	NA	NA	FMNL2
1191	NA	NA	NA	CLU
13003	NA	NA	NA	Vcan
14843	NA	NA	NA	Gsx2
13797	NA	NA	NA	Emx2
270190	NA	NA	NA	Ephb1
21426	NA	NA	NA	Tfec
2312	NA	NA	NA	FLG
16334	NA	NA	NA	Ins2
3676	NA	NA	NA	ITGA4
16401	NA	NA	NA	Itga4
3713	NA	NA	NA	IVL
3848	NA	NA	NA	KRT1
3850	NA	NA	NA	KRT3
3858	NA	NA	NA	KRT10
17172	NA	NA	NA	Ascl1
54713	NA	NA	NA	Fezf2
242523	NA	NA	NA	Dmrta1
20511	NA	NA	NA	Slc1a2
21416	NA	NA	NA	Tcf7l2
7086	NA	NA	NA	TKT
226025	NA	NA	NA	Trpm3
13590	NA	NA	NA	Lefty1
79923	NA	NA	NA	NANOG
71950	NA	NA	NA	Nanog
22061	NA	NA	NA	Trp63
14175	NA	NA	NA	Fgf4
18999	NA	NA	NA	Pou5f1
22286	NA	NA	NA	Utf1
595	NA	NA	NA	CCND1
12443	NA	NA	NA	Ccnd1
332221	NA	NA	NA	Zscan10
12159	NA	NA	NA	Bmp4
11921	NA	NA	NA	Atoh1
332	NA	NA	NA	BIRC5
11799	NA	NA	NA	Birc5
1027	NA	NA	NA	CDKN1B
13649	NA	NA	NA	Egfr
14634	NA	NA	NA	Gli3
182	NA	NA	NA	JAG1
16449	NA	NA	NA	Jag1
18109	NA	NA	NA	Mycn
18012	NA	NA	NA	Neurod1
21869	NA	NA	NA	Nkx2-1
21907	NA	NA	NA	Nr2e1
20423	NA	NA	NA	Shh
1026	NA	NA	NA	CDKN1A
223227	NA	NA	NA	Sox21
11614	NA	NA	NA	Nr0b1
12140	NA	NA	NA	Fabp7
14465	NA	NA	NA	Gata6
14580	NA	NA	NA	Gfap
14633	NA	NA	NA	Gli2
19664	NA	NA	NA	Rbpj
15208	NA	NA	NA	Hes5
407028	NA	NA	NA	MIR302A
17873	NA	NA	NA	Gadd45b
51592	NA	NA	NA	TRIM33
12064	NA	NA	NA	Bdnf
7289	NA	NA	NA	TULP3
22158	NA	NA	NA	Tulp3
898	NA	NA	NA	CCNE1
5197	NA	NA	NA	PF4V1
3558	NA	NA	NA	IL2
16183	NA	NA	NA	Il2
3458	NA	NA	NA	IFNG
15978	NA	NA	NA	Ifng
20375	NA	NA	NA	Spi1
12606	NA	NA	NA	Cebpa
239	NA	NA	NA	ALOX12
12978	NA	NA	NA	Csf1r
407018	NA	NA	NA	MIR27A
4352	NA	NA	NA	MPL
10398	NA	NA	NA	MYL9
5196	NA	NA	NA	PF4
5588	NA	NA	NA	PRKCQ
101602	NA	NA	NA	AI467606
11870	NA	NA	NA	Art1
12518	NA	NA	NA	Cd79a
16009	NA	NA	NA	Igfbp3
59049	NA	NA	NA	Slc22a17
4091	NA	NA	NA	SMAD6
17130	NA	NA	NA	Smad6
16136	NA	NA	NA	Igll1
100506658	NA	NA	NA	OCLN
67296	NA	NA	NA	Socs4
12477	NA	NA	NA	Ctla4
2070	NA	NA	NA	EYA4
22780	NA	NA	NA	Ikzf3
3358	NA	NA	NA	HTR2C
16184	NA	NA	NA	Il2ra
3575	NA	NA	NA	IL7R
3977	NA	NA	NA	LIFR
4627	NA	NA	NA	MYH9
4778	NA	NA	NA	NFE2
5275	NA	NA	NA	SERPINB13
63036	NA	NA	NA	CELA2A
12143	NA	NA	NA	Blk
7082	NA	NA	NA	TJP1
7122	NA	NA	NA	CLDN5
22362	NA	NA	NA	Vpreb1
72780	NA	NA	NA	Rspo3
21936	NA	NA	NA	Tnfrsf18
12702	NA	NA	NA	Socs3
12481	NA	NA	NA	Cd2
8600	NA	NA	NA	TNFSF11
317	NA	NA	NA	APAF1
672	NA	NA	NA	BRCA1
12189	NA	NA	NA	Brca1
1894	NA	NA	NA	ECT2
2260	NA	NA	NA	FGFR1
4217	NA	NA	NA	MAP3K5
9493	NA	NA	NA	KIF23
29127	NA	NA	NA	RACGAP1
7057	NA	NA	NA	THBS1
19645	NA	NA	NA	Rb1
472	NA	NA	NA	ATM
11920	NA	NA	NA	Atm
1029	NA	NA	NA	CDKN2A
1786	NA	NA	NA	DNMT1
13433	NA	NA	NA	Dnmt1
3070	NA	NA	NA	HELLS
4170	NA	NA	NA	MCL1
17121	NA	NA	NA	Mxd3
4863	NA	NA	NA	NPAT
244879	NA	NA	NA	Npat
18186	NA	NA	NA	Nrp1
5046	NA	NA	NA	PCSK6
5422	NA	NA	NA	POLA1
30939	NA	NA	NA	Pttg1
19290	NA	NA	NA	Pura
23607	NA	NA	NA	CD2AP
3159	NA	NA	NA	HMGA1
4753	NA	NA	NA	NELL2
12122	NA	NA	NA	Bid
100048912	NA	NA	NA	CDKN2B-AS1
3925	NA	NA	NA	STMN1
12370	NA	NA	NA	Casp8
12393	NA	NA	NA	Runx2
17869	NA	NA	NA	Myc
7422	NA	NA	NA	VEGFA
13555	NA	NA	NA	E2f1
14172	NA	NA	NA	Fgf18
16476	NA	NA	NA	Jun
18014	NA	NA	NA	Neurog1
19225	NA	NA	NA	Ptgs2
6696	NA	NA	NA	SPP1
56910	NA	NA	NA	STARD7
5337	NA	NA	NA	PLD1
8313	NA	NA	NA	AXIN2
17386	NA	NA	NA	Mmp13
18741	NA	NA	NA	Pitx2
9126	NA	NA	NA	SMC3
13006	NA	NA	NA	Smc3
13801	NA	NA	NA	Enam
10987	NA	NA	NA	COPS5
147111	NA	NA	NA	NOTUM
14219	NA	NA	NA	Ccn2
1906	NA	NA	NA	EDN1
13614	NA	NA	NA	Edn1
208	NA	NA	NA	AKT2
23821	NA	NA	NA	Bace1
15205	NA	NA	NA	Hes1
407034	NA	NA	NA	MIR30E
17927	NA	NA	NA	Myod1
55740	NA	NA	NA	ENAH
13800	NA	NA	NA	Enah
17292	NA	NA	NA	Mesp1
599	NA	NA	NA	BCL2L2
20271	NA	NA	NA	Scn5a
6935	NA	NA	NA	ZEB1
84653	NA	NA	NA	Hes7
8856	NA	NA	NA	NR1I2
8878	NA	NA	NA	SQSTM1
18412	NA	NA	NA	Sqstm1
6364	NA	NA	NA	CCL20
20297	NA	NA	NA	Ccl20
21803	NA	NA	NA	Tgfb1
11450	NA	NA	NA	Adipoq
57264	NA	NA	NA	Retn
5243	NA	NA	NA	ABCB1
2538	NA	NA	NA	G6PC
14377	NA	NA	NA	G6pc
13197	NA	NA	NA	Gadd45a
10365	NA	NA	NA	KLF2
4846	NA	NA	NA	NOS3
5166	NA	NA	NA	PDK4
27273	NA	NA	NA	Pdk4
20787	NA	NA	NA	Srebf1
12608	NA	NA	NA	Cebpb
12741	NA	NA	NA	Cldn5
72674	NA	NA	NA	Adipor1
5896	NA	NA	NA	RAG1
12591	NA	NA	NA	Cdx2
22702	NA	NA	NA	Zfp42
723920	NA	NA	NA	Mir302a
74178	NA	NA	NA	Stk40
214133	NA	NA	NA	Tet2
1514	NA	NA	NA	CTSL
13039	NA	NA	NA	Ctsl
13207	NA	NA	NA	Ddx5
56484	NA	NA	NA	Foxo3
270076	NA	NA	NA	Gcdh
345	NA	NA	NA	APOC3
16198	NA	NA	NA	Il9
16364	NA	NA	NA	Irf4
5055	NA	NA	NA	SERPINB2
18788	NA	NA	NA	Serpinb2
18830	NA	NA	NA	Pltp
67895	NA	NA	NA	Ppa1
5897	NA	NA	NA	RAG2
71685	NA	NA	NA	Galnt14
68169	NA	NA	NA	Ndnf
8431	NA	NA	NA	NR0B2
23957	NA	NA	NA	Nr0b2
54387	NA	NA	NA	Mcm3ap
10011	NA	NA	NA	SRA1
100379571	NA	NA	NA	BACE1-AS
174	NA	NA	NA	AFP
11576	NA	NA	NA	Afp
13557	NA	NA	NA	E2f3
50764	NA	NA	NA	Fbxo15
283131	NA	NA	NA	NEAT1
378938	NA	NA	NA	MALAT1
51214	NA	NA	NA	IGF2-AS
5156	NA	NA	NA	PDGFRA
55000	NA	NA	NA	TUG1
652995	NA	NA	NA	UCA1
52463	NA	NA	NA	Tet1
17748	NA	NA	NA	Mt1
100507436	NA	NA	NA	MICA
4277	NA	NA	NA	MICB
7157	NA	NA	NA	TP53
4919	NA	NA	NA	ROR1
2100	NA	NA	NA	ESR2
4312	NA	NA	NA	MMP1
5743	NA	NA	NA	PTGS2
13609	NA	NA	NA	S1pr1
857	NA	NA	NA	CAV1
13653	NA	NA	NA	Egr1
1002	NA	NA	NA	CDH4
133	NA	NA	NA	ADM
140901	NA	NA	NA	STK35
22974	NA	NA	NA	TPX2
2305	NA	NA	NA	FOXM1
23135	NA	NA	NA	KDM6B
23671	NA	NA	NA	TMEFF2
301	NA	NA	NA	ANXA1
3485	NA	NA	NA	IGFBP2
399	NA	NA	NA	RHOH
18817	NA	NA	NA	Plk1
5925	NA	NA	NA	RB1
20202	NA	NA	NA	S100a9
8091	NA	NA	NA	HMGA2
21926	NA	NA	NA	Tnf
10855	NA	NA	NA	HPSE
15442	NA	NA	NA	Hpse
12043	NA	NA	NA	Bcl2
3062	NA	NA	NA	HCRTR2
2152	NA	NA	NA	F3
14066	NA	NA	NA	F3
8651	NA	NA	NA	SOCS1
12703	NA	NA	NA	Socs1
14281	NA	NA	NA	Fos
16866	NA	NA	NA	Lhb
8864	NA	NA	NA	PER2
18627	NA	NA	NA	Per2
581	NA	NA	NA	BAX
54345	NA	NA	NA	SOX18
21813	NA	NA	NA	Tgfbr2
193740	NA	NA	NA	Hspa1a
5327	NA	NA	NA	PLAT
18791	NA	NA	NA	Plat
1588	NA	NA	NA	CYP19A1
27049	NA	NA	NA	Etv3
55353	NA	NA	NA	LAPTM4B
23057	NA	NA	NA	NMNAT2
226518	NA	NA	NA	Nmnat2
4899	NA	NA	NA	NRF1
18181	NA	NA	NA	Nrf1
58226	NA	NA	NA	Cacna1h
6786	NA	NA	NA	STIM1
20866	NA	NA	NA	Stim1
50790	NA	NA	NA	Acsl4
18417	NA	NA	NA	Cldn11
12495	NA	NA	NA	Entpd1
13982	NA	NA	NA	Esr1
14008	NA	NA	NA	Etv2
14828	NA	NA	NA	Hspa5
16828	NA	NA	NA	Ldha
80859	NA	NA	NA	Nfkbiz
19294	NA	NA	NA	Nectin2
12176	NA	NA	NA	Bnip3
2056	NA	NA	NA	EPO
5803	NA	NA	NA	PTPRZ1
19283	NA	NA	NA	Ptprz1
21825	NA	NA	NA	Thbs1
10908	NA	NA	NA	PNPLA6
23326	NA	NA	NA	USP22
14282	NA	NA	NA	Fosb
3048	NA	NA	NA	HBG2
340061	NA	NA	NA	TMEM173
16007	NA	NA	NA	Ccn1
5983	NA	NA	NA	RFC3
892	NA	NA	NA	CCNC
1462	NA	NA	NA	VCAN
1463	NA	NA	NA	NCAN
1464	NA	NA	NA	CSPG4
2776	NA	NA	NA	GNAQ
14682	NA	NA	NA	Gnaq
4486	NA	NA	NA	MST1R
18626	NA	NA	NA	Per1
13863	NA	NA	NA	Lcn5
15107	NA	NA	NA	Hadh
3479	NA	NA	NA	IGF1
15242	NA	NA	NA	Hhex
1536	NA	NA	NA	CYBB
2671	NA	NA	NA	GFER
329	NA	NA	NA	BIRC2
11797	NA	NA	NA	Birc2
114712	NA	NA	NA	Ferd3l
17755	NA	NA	NA	Map1b
17831	NA	NA	NA	Muc2
19695	NA	NA	NA	Reg3g
240690	NA	NA	NA	St18
22422	NA	NA	NA	Wnt7b
1000	NA	NA	NA	CDH2
12558	NA	NA	NA	Cdh2
18260	NA	NA	NA	Ocln
1053	NA	NA	NA	CEBPE
22428	NA	NA	NA	Dctn6
1667	NA	NA	NA	DEFA1
22836	NA	NA	NA	RHOBTB3
73296	NA	NA	NA	Rhobtb3
2316	NA	NA	NA	FLNA
192176	NA	NA	NA	Flna
3689	NA	NA	NA	ITGB2
16414	NA	NA	NA	Itgb2
3814	NA	NA	NA	KISS1
397	NA	NA	NA	ARHGDIB
11857	NA	NA	NA	Arhgdib
4082	NA	NA	NA	MARCKS
17118	NA	NA	NA	Marcks
17967	NA	NA	NA	Ncam1
18010	NA	NA	NA	Neu1
51474	NA	NA	NA	LIMA1
65970	NA	NA	NA	Lima1
5411	NA	NA	NA	PNN
18949	NA	NA	NA	Pnn
54922	NA	NA	NA	RASIP1
69903	NA	NA	NA	Rasip1
5747	NA	NA	NA	PTK2
14083	NA	NA	NA	Ptk2
57575	NA	NA	NA	PCDH10
18526	NA	NA	NA	Pcdh10
69983	NA	NA	NA	Sis
20583	NA	NA	NA	Snai2
20613	NA	NA	NA	Snai1
7431	NA	NA	NA	VIM
22352	NA	NA	NA	Vim
8370	NA	NA	NA	HIST2H4A
8839	NA	NA	NA	CCN5
22403	NA	NA	NA	Ccn5
9609	NA	NA	NA	RAB36
76877	NA	NA	NA	Rab36
9743	NA	NA	NA	ARHGAP32
330914	NA	NA	NA	Arhgap32
999	NA	NA	NA	CDH1
12550	NA	NA	NA	Cdh1
10370	NA	NA	NA	CITED2
136	NA	NA	NA	ADORA2B
1553	NA	NA	NA	CYP2A13
23705	NA	NA	NA	CADM1
16514	NA	NA	NA	Kcnj11
57101	NA	NA	NA	ANO2
6558	NA	NA	NA	SLC12A2
20927	NA	NA	NA	Abcc8
727897	NA	NA	NA	MUC5B
7367	NA	NA	NA	UGT2B17
79068	NA	NA	NA	FTO
8671	NA	NA	NA	SLC4A4
6351	NA	NA	NA	CCL4
18091	NA	NA	NA	Nkx2-5
1080	NA	NA	NA	CFTR
12902	NA	NA	NA	Cr2
1028	NA	NA	NA	CDKN1C
12842	NA	NA	NA	Col1a1
13645	NA	NA	NA	Egf
17702	NA	NA	NA	Msx2
2908	NA	NA	NA	NR3C1
3350	NA	NA	NA	HTR1A
15550	NA	NA	NA	Htr1a
4133	NA	NA	NA	MAP2
19211	NA	NA	NA	Pten
4585	NA	NA	NA	MUC4
22059	NA	NA	NA	Trp53
11704	NA	NA	NA	Amelx
12892	NA	NA	NA	Cpox
11096	NA	NA	NA	ADAMTS5
23794	NA	NA	NA	Adamts5
80290	NA	NA	NA	Gpr146
1277	NA	NA	NA	COL1A1
1278	NA	NA	NA	COL1A2
12843	NA	NA	NA	Col1a2
228942	NA	NA	NA	Cbln4
1840	NA	NA	NA	DTX1
2322	NA	NA	NA	FLT3
14255	NA	NA	NA	Flt3
2548	NA	NA	NA	GAA
27113	NA	NA	NA	BBC3
170770	NA	NA	NA	Bbc3
14825	NA	NA	NA	Cxcl1
3569	NA	NA	NA	IL6
16193	NA	NA	NA	Il6
406978	NA	NA	NA	MIR199B
4322	NA	NA	NA	MMP13
474	NA	NA	NA	ATOH1
664	NA	NA	NA	BNIP3
9173	NA	NA	NA	IL1RL1
17082	NA	NA	NA	Il1rl1
13405	NA	NA	NA	Dmd
11739	NA	NA	NA	Slc25a4
29914	NA	NA	NA	UBIAD1
18823	NA	NA	NA	Plp1
75345	NA	NA	NA	Slamf7
19712	NA	NA	NA	Rest
7316	NA	NA	NA	UBC
9928	NA	NA	NA	KIF14
9962	NA	NA	NA	SLC23A2
20186	NA	NA	NA	Nr1h4
3565	NA	NA	NA	IL4
1019	NA	NA	NA	CDK4
4830	NA	NA	NA	NME1
5471	NA	NA	NA	PPAT
231327	NA	NA	NA	Ppat
7015	NA	NA	NA	TERT
21752	NA	NA	NA	Tert
10606	NA	NA	NA	PAICS
19374	NA	NA	NA	Rag2
12592	NA	NA	NA	Cdx4
13388	NA	NA	NA	Dll1
1540	NA	NA	NA	CYLD
147409	NA	NA	NA	DSG4
4316	NA	NA	NA	MMP7
7019	NA	NA	NA	TFAM
12814	NA	NA	NA	Col11a1
12824	NA	NA	NA	Col2a1
13380	NA	NA	NA	Dkk1
18426	NA	NA	NA	Ovol1
387231	NA	NA	NA	Mir122
12035	NA	NA	NA	Bcat1
12389	NA	NA	NA	Cav1
387	NA	NA	NA	RHOA
100507056	NA	NA	NA	CCAT1
11235	NA	NA	NA	PDCD10
1503	NA	NA	NA	CTPS1
158	NA	NA	NA	ADSL
1723	NA	NA	NA	DHODH
56749	NA	NA	NA	Dhodh
2618	NA	NA	NA	GART
3614	NA	NA	NA	IMPDH1
23917	NA	NA	NA	Impdh1
3615	NA	NA	NA	IMPDH2
23918	NA	NA	NA	Impdh2
471	NA	NA	NA	ATIC
51491	NA	NA	NA	NOP16
5198	NA	NA	NA	PFAS
5274	NA	NA	NA	SERPINI1
5888	NA	NA	NA	RAD51
6926	NA	NA	NA	TBX3
17293	NA	NA	NA	Mesp2
14174	NA	NA	NA	Fgf3
18128	NA	NA	NA	Notch1
12096	NA	NA	NA	Bglap
7299	NA	NA	NA	TYR
12767	NA	NA	NA	Cxcr4
1636	NA	NA	NA	ACE
13856	NA	NA	NA	Epo
7852	NA	NA	NA	CXCR4
79679	NA	NA	NA	VTCN1
112405	NA	NA	NA	Egln1
112399	NA	NA	NA	EGLN3
14936	NA	NA	NA	Gys1
6095	NA	NA	NA	RORA
768	NA	NA	NA	CA9
59272	NA	NA	NA	ACE2
26355	NA	NA	NA	FAM162A
8434	NA	NA	NA	RECK
53614	NA	NA	NA	Reck
10253	NA	NA	NA	SPRY2
10507	NA	NA	NA	SEMA4D
23400	NA	NA	NA	ATP13A2
60533	NA	NA	NA	Cd274
15492	NA	NA	NA	Hsd3b1
3577	NA	NA	NA	CXCR1
3579	NA	NA	NA	CXCR2
4842	NA	NA	NA	NOS1
4915	NA	NA	NA	NTRK2
5629	NA	NA	NA	PROX1
6279	NA	NA	NA	S100A8
6280	NA	NA	NA	S100A9
7001	NA	NA	NA	PRDX2
84126	NA	NA	NA	ATRIP
3586	NA	NA	NA	IL10
16153	NA	NA	NA	Il10
1030	NA	NA	NA	CDKN2B
14179	NA	NA	NA	Fgf8
1586	NA	NA	NA	CYP17A1
17200	NA	NA	NA	Mc2r
18505	NA	NA	NA	Pax3
26423	NA	NA	NA	Nr5a1
6658	NA	NA	NA	SOX3
7415	NA	NA	NA	VCP
15407	NA	NA	NA	Hoxb1
216285	NA	NA	NA	Alx1
14165	NA	NA	NA	Fgf10
18514	NA	NA	NA	Pbx1
170574	NA	NA	NA	Sp7
11647	NA	NA	NA	Alpl
21908	NA	NA	NA	Tlx1
3217	NA	NA	NA	HOXB7
15891	NA	NA	NA	Ibsp
16001	NA	NA	NA	Igf1r
16008	NA	NA	NA	Igfbp2
16332	NA	NA	NA	Inppl1
18596	NA	NA	NA	Pdgfrb
6049	NA	NA	NA	RNF6
960	NA	NA	NA	CD44
1280	NA	NA	NA	COL2A1
387158	NA	NA	NA	Mir140
12845	NA	NA	NA	Comp
22361	NA	NA	NA	Vnn1
7439	NA	NA	NA	BEST1
12587	NA	NA	NA	Mia
12151	NA	NA	NA	Bmi1
5045	NA	NA	NA	FURIN
18550	NA	NA	NA	Furin
5290	NA	NA	NA	PIK3CA
18706	NA	NA	NA	Pik3ca
20391	NA	NA	NA	Sgca
10804	NA	NA	NA	GJB6
14013	NA	NA	NA	Mecom
16477	NA	NA	NA	Junb
18027	NA	NA	NA	Nfia
16842	NA	NA	NA	Lef1
116847	NA	NA	NA	Prelp
57246	NA	NA	NA	Tbx20
648	NA	NA	NA	BMI1
20677	NA	NA	NA	Sox4
12231	NA	NA	NA	Btn1a1
22160	NA	NA	NA	Twist1
20893	NA	NA	NA	Bhlhe40
15111	NA	NA	NA	Hand2
5329	NA	NA	NA	PLAUR
113220	NA	NA	NA	KIF12
56992	NA	NA	NA	KIF15
6387	NA	NA	NA	CXCL12
64151	NA	NA	NA	NCAPG
13346	NA	NA	NA	Des
229665	NA	NA	NA	Ampd1
12095	NA	NA	NA	Bglap3
12097	NA	NA	NA	Bglap2
12317	NA	NA	NA	Calr
12715	NA	NA	NA	Ckm
13395	NA	NA	NA	Dlx5
13396	NA	NA	NA	Dlx6
20378	NA	NA	NA	Frzb
17879	NA	NA	NA	Myh1
17928	NA	NA	NA	Myog
17929	NA	NA	NA	Myom1
17930	NA	NA	NA	Myom2
59006	NA	NA	NA	Myoz2
57811	NA	NA	NA	Rgr
212541	NA	NA	NA	Rho
20319	NA	NA	NA	Sfrp2
330953	NA	NA	NA	Hcn4
10562	NA	NA	NA	OLFM4
19017	NA	NA	NA	Ppargc1a
11156	NA	NA	NA	PTP4A3
12180	NA	NA	NA	Smyd1
16069	NA	NA	NA	Jchain
435766	NA	NA	NA	Tnni3k
53630	NA	NA	NA	BCO1
19228	NA	NA	NA	Pth1r
14539	NA	NA	NA	Opn1mw
20528	NA	NA	NA	Slc2a4
30800	NA	NA	NA	Mmp20
10673	NA	NA	NA	TNFSF13B
10563	NA	NA	NA	CXCL13
6346	NA	NA	NA	CCL1
3576	NA	NA	NA	CXCL8
1543	NA	NA	NA	CYP1A1
13076	NA	NA	NA	Cyp1a1
13077	NA	NA	NA	Cyp1a2
1545	NA	NA	NA	CYP1B1
94284	NA	NA	NA	Ugt1a6a
4502	NA	NA	NA	MT2A
17750	NA	NA	NA	Mt2
394436	NA	NA	NA	Ugt1a1
10257	NA	NA	NA	ABCC4
13874	NA	NA	NA	Ereg
18024	NA	NA	NA	Nfe2l2
653361	NA	NA	NA	NCF1
20887	NA	NA	NA	Sult1a1
8140	NA	NA	NA	SLC7A5
873	NA	NA	NA	CBR1
16163	NA	NA	NA	Il13
6036	NA	NA	NA	RNASE2
7490	NA	NA	NA	WT1
2206	NA	NA	NA	MS4A2
2205	NA	NA	NA	FCER1A
7252	NA	NA	NA	TSHB
22094	NA	NA	NA	Tshb
1557	NA	NA	NA	CYP2C19
1559	NA	NA	NA	CYP2C9
1734	NA	NA	NA	DIO2
13371	NA	NA	NA	Dio2
16590	NA	NA	NA	Kit
5152	NA	NA	NA	PDE9A
54485	NA	NA	NA	Dll4
13640	NA	NA	NA	Efna5
22943	NA	NA	NA	DKK1
13389	NA	NA	NA	Dll3
11859	NA	NA	NA	Phox2a
74194	NA	NA	NA	Rnd3
14415	NA	NA	NA	Gad1
14715	NA	NA	NA	Gnrhr
28514	NA	NA	NA	DLL1
53626	NA	NA	NA	Insm1
16450	NA	NA	NA	Jag2
4255	NA	NA	NA	MGMT
55927	NA	NA	NA	Hes6
219103	NA	NA	NA	Cenpj
596	NA	NA	NA	BCL2
5979	NA	NA	NA	RET
12227	NA	NA	NA	Btg2
5727	NA	NA	NA	PTCH1
19206	NA	NA	NA	Ptch1
18595	NA	NA	NA	Pdgfra
15117	NA	NA	NA	Has2
18071	NA	NA	NA	Nhlh1
12399	NA	NA	NA	Runx3
14632	NA	NA	NA	Gli1
330	NA	NA	NA	BIRC3
358	NA	NA	NA	AQP1
4751	NA	NA	NA	NEK2
83998	NA	NA	NA	REG4
65109	NA	NA	NA	UPF3B
68134	NA	NA	NA	Upf3b
100133941	NA	NA	NA	CD24
13176	NA	NA	NA	Dcc
64058	NA	NA	NA	Perp
58208	NA	NA	NA	Bcl11b
8842	NA	NA	NA	PROM1
16019	NA	NA	NA	Ighm
244813	NA	NA	NA	Bsx
4988	NA	NA	NA	OPRM1
18390	NA	NA	NA	Oprm1
1859	NA	NA	NA	DYRK1A
13548	NA	NA	NA	Dyrk1a
57369	NA	NA	NA	GJD2
3783	NA	NA	NA	KCNN4
216343	NA	NA	NA	Tph2
14812	NA	NA	NA	Grin2b
266743	NA	NA	NA	NPAS4
225872	NA	NA	NA	Npas4
18040	NA	NA	NA	Nefm
380684	NA	NA	NA	Nefh
4916	NA	NA	NA	NTRK3
226180	NA	NA	NA	Ina
16189	NA	NA	NA	Il4
3695	NA	NA	NA	ITGB7
894	NA	NA	NA	CCND2
1230	NA	NA	NA	CCR1
290	NA	NA	NA	ANPEP
8797	NA	NA	NA	TNFRSF10A
319757	NA	NA	NA	Smo
14472	NA	NA	NA	Gbx2
22418	NA	NA	NA	Wnt5a
69617	NA	NA	NA	Pitrm1
238257	NA	NA	NA	Tmem30b
73230	NA	NA	NA	Bmper
666279	NA	NA	NA	Dspp
18993	NA	NA	NA	Pou3f3
12580	NA	NA	NA	Cdkn2c
12387	NA	NA	NA	Ctnnb1
56843	NA	NA	NA	Trpm5
215114	NA	NA	NA	Hip1
242851	NA	NA	NA	Gnat3
17329	NA	NA	NA	Cxcl9
18126	NA	NA	NA	Nos2
19659	NA	NA	NA	Rbp1
22423	NA	NA	NA	Wnt8b
83771	NA	NA	NA	Tas1r3
14675	NA	NA	NA	Gna14
12478	NA	NA	NA	Cd19
111507	NA	NA	NA	Igh
243469	NA	NA	NA	Igk
14128	NA	NA	NA	Fcer2a
12640	NA	NA	NA	Cga
7441	NA	NA	NA	VPREB1
19373	NA	NA	NA	Rag1
406176	NA	NA	NA	Olfr151
11628	NA	NA	NA	Aicda
17060	NA	NA	NA	Blnk
12517	NA	NA	NA	Cd72
13591	NA	NA	NA	Ebf1
11758	NA	NA	NA	Prdx6
896	NA	NA	NA	CCND3
12507	NA	NA	NA	Cd5
56458	NA	NA	NA	Foxo1
2224	NA	NA	NA	FDPS
10637	NA	NA	NA	LEFTY1
18987	NA	NA	NA	Pou2f2
18313	NA	NA	NA	Olfr16
258749	NA	NA	NA	Olfr556
228662	NA	NA	NA	Btbd3
17701	NA	NA	NA	Msx1
17877	NA	NA	NA	Myf5
18317	NA	NA	NA	Olfr2
258592	NA	NA	NA	Olfr697
258915	NA	NA	NA	Olfr1348
258926	NA	NA	NA	Olfr476
259072	NA	NA	NA	Olfr686
6439	NA	NA	NA	SFTPB
7038	NA	NA	NA	TG
7173	NA	NA	NA	TPO
18510	NA	NA	NA	Pax8
230025	NA	NA	NA	Prdm13
17295	NA	NA	NA	Met
652	NA	NA	NA	BMP4
18187	NA	NA	NA	Nrp2
268697	NA	NA	NA	Ccnb1
12442	NA	NA	NA	Ccnb2
11475	NA	NA	NA	Acta2
70	NA	NA	NA	ACTC1
21345	NA	NA	NA	Tagln
3779	NA	NA	NA	KCNMB1
17880	NA	NA	NA	Myh11
107589	NA	NA	NA	Mylk
1490	NA	NA	NA	CCN2
13655	NA	NA	NA	Egr3
11733	NA	NA	NA	Ank1
80149	NA	NA	NA	ZC3H12A
20287	NA	NA	NA	Sct
18111	NA	NA	NA	Nnat
56856	NA	NA	NA	Insm2
5068	NA	NA	NA	REG3A
21834	NA	NA	NA	Thrb
13813	NA	NA	NA	Eomes
11858	NA	NA	NA	Rnd2
30928	NA	NA	NA	Zbtb18
15572	NA	NA	NA	Elavl4
14009	NA	NA	NA	Etv1
353326	NA	NA	NA	Rtl1
17263	NA	NA	NA	Meg3
13386	NA	NA	NA	Dlk1
100040724	NA	NA	NA	Mirg
75745	NA	NA	NA	Rian
15213	NA	NA	NA	Hey1
15214	NA	NA	NA	Hey2
20665	NA	NA	NA	Sox10
50914	NA	NA	NA	Olig1
13837	NA	NA	NA	Epha3
13839	NA	NA	NA	Epha5
23779	NA	NA	NA	ARHGAP8
27181	NA	NA	NA	SIGLEC8
18712	NA	NA	NA	Pim1
52276	NA	NA	NA	Cdca8
20878	NA	NA	NA	Aurka
107995	NA	NA	NA	Cdc20
12532	NA	NA	NA	Cdc25c
331	NA	NA	NA	XIAP
2520	NA	NA	NA	GAST
14459	NA	NA	NA	Gast
18088	NA	NA	NA	Nkx2-2
3559	NA	NA	NA	IL2RA
948	NA	NA	NA	CD36
17342	NA	NA	NA	Mitf
56188	NA	NA	NA	Fxyd1
20527	NA	NA	NA	Slc2a3
110147	NA	NA	NA	Ehmt2
29930	NA	NA	NA	PCDHB1
93872	NA	NA	NA	Pcdhb1
5099	NA	NA	NA	PCDH7
54216	NA	NA	NA	Pcdh7
13190	NA	NA	NA	Dct
12162	NA	NA	NA	Bmp7
22173	NA	NA	NA	Tyr
22178	NA	NA	NA	Tyrp1
16909	NA	NA	NA	Lmo2
18022	NA	NA	NA	Nfe2
67182	NA	NA	NA	Pdzk1ip1
11346	NA	NA	NA	SYNPO
376267	NA	NA	NA	RAB15
389432	NA	NA	NA	SAMD5
5744	NA	NA	NA	PTHLH
10076	NA	NA	NA	PTPRU
2993	NA	NA	NA	GYPA
14934	NA	NA	NA	Gypa
6189	NA	NA	NA	RPS3A
2255	NA	NA	NA	FGF10
17260	NA	NA	NA	Mef2c
16362	NA	NA	NA	Irf1
59011	NA	NA	NA	Myoz1
1602	NA	NA	NA	DACH1
13134	NA	NA	NA	Dach1
2200	NA	NA	NA	FBN1
14118	NA	NA	NA	Fbn1
56033	NA	NA	NA	BARX1
12022	NA	NA	NA	Barx1
1728	NA	NA	NA	NQO1
10891	NA	NA	NA	PPARGC1A
3557	NA	NA	NA	IL1RN
14955	NA	NA	NA	H19
3043	NA	NA	NA	HBB
3046	NA	NA	NA	HBE1
3047	NA	NA	NA	HBG1
3399	NA	NA	NA	ID3
16691	NA	NA	NA	Krt8
21802	NA	NA	NA	Tgfa
21414	NA	NA	NA	Tcf7
3205	NA	NA	NA	HOXA9
5728	NA	NA	NA	PTEN
64321	NA	NA	NA	SOX17
7113	NA	NA	NA	TMPRSS2
7481	NA	NA	NA	WNT11
3204	NA	NA	NA	HOXA7
7471	NA	NA	NA	WNT1
7472	NA	NA	NA	WNT2
7473	NA	NA	NA	WNT3
17906	NA	NA	NA	Myl2
50916	NA	NA	NA	Irx4
21388	NA	NA	NA	Tbx5
3880	NA	NA	NA	KRT19
16669	NA	NA	NA	Krt19
440	NA	NA	NA	ASNS
3309	NA	NA	NA	HSPA5
14417	NA	NA	NA	Gad2
6623	NA	NA	NA	SNCG
8553	NA	NA	NA	BHLHE40
22229	NA	NA	NA	Ucp3
16392	NA	NA	NA	Isl1
16819	NA	NA	NA	Lcn2
25819	NA	NA	NA	NOCT
11839	NA	NA	NA	Areg
19699	NA	NA	NA	Reln
20845	NA	NA	NA	Star
20682	NA	NA	NA	Sox9
12491	NA	NA	NA	Cd36
14104	NA	NA	NA	Fasn
18991	NA	NA	NA	Pou3f1
12797	NA	NA	NA	Cnn1
18507	NA	NA	NA	Pax5
140489	NA	NA	NA	Bhlhe23
18998	NA	NA	NA	Pou4f3
19876	NA	NA	NA	Robo1
20564	NA	NA	NA	Slit3
26424	NA	NA	NA	Nr5a2
65100	NA	NA	NA	Zic5
19227	NA	NA	NA	Pthlh
12555	NA	NA	NA	Cdh15
12683	NA	NA	NA	Cidea
22227	NA	NA	NA	Ucp1
84682	NA	NA	NA	Cox4i2
23882	NA	NA	NA	Gadd45g
17536	NA	NA	NA	Meis2
16333	NA	NA	NA	Ins1
21349	NA	NA	NA	Tal1
12394	NA	NA	NA	Runx1
17268	NA	NA	NA	Meis1
18096	NA	NA	NA	Nkx6-1
5817	NA	NA	NA	PVR
11848	NA	NA	NA	Rhoa
14176	NA	NA	NA	Fgf5
18212	NA	NA	NA	Ntrk2
3491	NA	NA	NA	CCN1
15223	NA	NA	NA	Foxj1
16002	NA	NA	NA	Igf2
91752	NA	NA	NA	ZNF804A
53314	NA	NA	NA	Batf
58801	NA	NA	NA	Pmaip1
27410	NA	NA	NA	Abca3
15209	NA	NA	NA	Hesx1
13392	NA	NA	NA	Dlx2
11835	NA	NA	NA	Ar
20848	NA	NA	NA	Stat3
